seg_id,time_to_failure
seg_00030f,2.545092602835709
seg_0012b5,4.566352263263848
seg_00184e,6.6231829338597095
seg_003339,8.989365672865043
seg_0042cc,5.839906234782752
seg_004314,1.8194912727752426
seg_004cd2,7.226824199326888
seg_004ee5,5.620952096814939
seg_004f1f,3.34869417285101
seg_00648a,3.177682092046714
seg_006e4a,2.0409841518810405
seg_007a37,2.2754162624243723
seg_00a37e,1.189244757813376
seg_00be11,3.1214029052604095
seg_00c35b,7.617013550630082
seg_00cc91,2.918279590019522
seg_00e5f7,5.445915969166708
seg_00f3b9,2.2083475039476888
seg_010eab,7.615314682507556
seg_0125d9,4.871487929477228
seg_0144cb,3.401121287720816
seg_0165c6,8.982192191537235
seg_016913,2.538779300692999
seg_016cdb,2.910064072559408
seg_017314,7.776371749371501
seg_01a8dc,4.0596126924956915
seg_01c775,9.736512008374119
seg_01ecb0,2.415812755970609
seg_02042f,2.397513744356357
seg_025e78,3.908829764542073
seg_032822,3.0050180000715017
seg_0339ca,6.097067189269991
seg_037461,2.01129056676346
seg_038879,8.10484011143454
seg_03d386,2.0056194724473624
seg_03d63e,2.6986032320607607
seg_03d680,9.094459183006027
seg_03f380,2.4657605957153192
seg_0445d7,5.571210951562693
seg_046c28,2.3502614659184937
seg_0488a1,6.238809822110068
seg_049957,8.60069974255652
seg_04a696,8.811987512806777
seg_04ae38,3.6173874146637144
seg_04b87a,8.697513618988337
seg_04cceb,6.549113775112216
seg_04ee93,5.2686820467328666
seg_04fd93,7.348061602741331
seg_0536c9,2.909398403994655
seg_055127,6.4129979362652065
seg_05a1b0,2.2024995720864453
seg_05a4ad,6.417638841554822
seg_05b66a,8.313875263080247
seg_05bef4,2.60457892039954
seg_05e0d7,4.567825468528207
seg_05f126,8.693083071372197
seg_05f9d6,6.869974027789359
seg_060ce4,3.3795782573173265
seg_061a33,7.2360395204211265
seg_0620e6,4.368893687793432
seg_063865,6.450373695220142
seg_065588,3.9865110183094536
seg_06893f,4.170837277777746
seg_06b8c9,6.287589904383552
seg_06bbc5,3.470867854502723
seg_06d4a2,3.119755700281048
seg_06d7ba,3.276346913602709
seg_070bb0,1.6560768142200164
seg_071067,2.7466539932445593
seg_073696,9.012238698436477
seg_075340,3.4525259109404933
seg_075f77,3.977938974472655
seg_0775a7,2.1880343240483775
seg_077b7e,4.313852144889766
seg_079e34,3.580359426914298
seg_07c815,1.950728859318698
seg_07cd72,4.1658493464153175
seg_07f37c,2.820796491075045
seg_07f8df,2.270805084381847
seg_07fc6d,7.488126384092602
seg_086a61,13.184961787293766
seg_0870ab,3.337296221422166
seg_0879a8,8.022357384156521
seg_08b136,6.995399749824325
seg_08f441,3.776970125911694
seg_08fd5b,4.142862941228251
seg_091c9d,11.183297398893744
seg_093a0a,6.7859811290524
seg_0968f1,5.9743108037495665
seg_0981f3,1.8237294825355532
seg_09dd59,7.2101533545906396
seg_09ed4e,9.958250171212239
seg_09f0ff,2.2934541831846005
seg_0a0fbb,9.989655579597123
seg_0a1bd0,5.4656202945927035
seg_0a42ba,10.101034069775672
seg_0a45a1,1.7950918290729372
seg_0a97c4,4.269283323039451
seg_0aa0fb,7.136718367403924
seg_0b07c7,5.212023788364145
seg_0b082e,9.235182292708533
seg_0b32f7,3.085414875418225
seg_0b3b94,4.944178258341712
seg_0b48c4,2.610714031639244
seg_0b4b24,2.682336483263671
seg_0b54ac,2.8471101024543537
seg_0b76f5,9.82988297213529
seg_0b9ad8,8.164750022107533
seg_0b9ba3,9.95521047162706
seg_0ba210,7.7161405321489855
seg_0ba585,3.571245214143938
seg_0bb5fd,3.741267994869002
seg_0bc877,3.3200143217125446
seg_0be6ee,2.3628376945384226
seg_0c12cc,6.590046627661621
seg_0c1d3a,3.8202800631505416
seg_0c247b,6.117980316839941
seg_0c3943,3.031962621338325
seg_0c4e31,2.647841584316779
seg_0c74cf,2.195896939997234
seg_0c8502,9.027385630364284
seg_0c89ce,6.770811516390586
seg_0c9aa8,11.357401047542112
seg_0cb81b,2.75392580330108
seg_0cca14,1.806117471467175
seg_0cdcc8,2.9414362650077366
seg_0cf651,1.9429909834873165
seg_0d0250,2.230846365876212
seg_0d04b9,3.559108621116528
seg_0d13a7,3.412511689725495
seg_0d434c,9.497865598020207
seg_0d540e,2.050352987226614
seg_0d663a,8.401266303166055
seg_0d6d68,3.814615597976709
seg_0d762e,5.974543756419655
seg_0d833c,5.106250818931248
seg_0dae4b,3.7084632310719936
seg_0dc38f,1.4025142940601163
seg_0dcc40,6.231973919957811
seg_0df469,1.6168752642390332
seg_0df75c,11.879235885888743
seg_0dfe8c,4.751899973527063
seg_0e1370,2.193582516764432
seg_0e1fbe,3.945836035221947
seg_0e3739,2.243603270853535
seg_0e3d44,4.562143579976453
seg_0e3ed2,2.01196342077671
seg_0e4833,10.227164343869447
seg_0e7cc5,7.603098039887197
seg_0e8b79,11.23662884953907
seg_0e9987,3.487701393378826
seg_0e9bb3,5.0956936654555784
seg_0eb333,1.8168987275945425
seg_0ebfd9,5.412782675477667
seg_0f565c,2.6174036828685336
seg_0f74a3,5.932777504787234
seg_0f8961,11.07680998274677
seg_0fc67a,10.59119311311225
seg_0fca83,2.1082879425676695
seg_0fd3ff,2.567767426311152
seg_1010ad,7.760655288548866
seg_103b32,3.8402005930753935
seg_105cd9,0.16187177535429031
seg_1084af,5.420647625187732
seg_10a595,5.268065821509493
seg_10c09d,7.619280448057037
seg_10f3a6,2.9070105553067087
seg_112b81,6.2401373713775605
seg_1144bc,10.716709527118303
seg_114b79,4.162612638514342
seg_115617,2.943346037535841
seg_115a92,2.4413382454973758
seg_11647f,1.2264798831603363
seg_117278,2.9861455681378066
seg_117ff4,2.7551629723832427
seg_11860f,5.406221200007135
seg_1201e8,3.7105565656492203
seg_121446,7.157890908393528
seg_121cba,2.1955364932346355
seg_122ba9,2.308165920477481
seg_123dd4,9.4577004777621
seg_12ac20,10.39740298739827
seg_12b9ba,6.648754446086814
seg_12ee6e,3.4544941779569425
seg_130e17,2.0955728514516982
seg_13468a,3.219161672506309
seg_136285,4.472019598531478
seg_136695,6.9479391943902895
seg_137f8a,7.275853271547905
seg_138807,4.507489518428607
seg_13c2f0,4.022963222363176
seg_13e25f,6.040737008368801
seg_140bc5,2.5826005468906366
seg_141f34,14.219929659658087
seg_146926,9.39053723795183
seg_148698,8.414586732583063
seg_14ad27,2.0101526316231286
seg_14c054,7.66092096332923
seg_14c371,7.926691988596831
seg_14c435,1.848136951408874
seg_14c89d,4.1366092924398465
seg_14c8ce,7.1388983453597925
seg_14d1d3,5.372704186687408
seg_14f5f0,5.65762911144522
seg_151368,8.034086689276451
seg_151d92,3.179637967869631
seg_153d6a,10.193500081513266
seg_154361,9.832064594058933
seg_1562cb,11.172976340855914
seg_158691,3.754892009200149
seg_158764,4.342227840892948
seg_15adff,2.2937719034364834
seg_15bf25,8.405609004074403
seg_15c9f9,4.37130653665555
seg_161aeb,7.836416220091201
seg_161f5f,2.4134342230319525
seg_162fc4,7.716019641676635
seg_16566c,4.482877542919027
seg_166f70,12.834649257355169
seg_168d1c,7.9498825904104296
seg_16a270,7.116816569851457
seg_16c3a7,2.12763487127541
seg_17067e,4.196286970515702
seg_170684,9.21890494101339
seg_170a0c,6.9616671661286205
seg_176542,6.5958533702767435
seg_17799c,9.427573022522289
seg_179d90,5.445377753934725
seg_17adc0,4.661801807419792
seg_17d1ff,3.7089460186781618
seg_17e596,6.938405251925022
seg_180481,4.95258149460832
seg_18096a,7.410880876878581
seg_1815fe,10.126870907323326
seg_1827c5,10.631244657959826
seg_184222,2.72398386943023
seg_185ad6,8.72423537364733
seg_18d1d0,2.4365053707186735
seg_18d307,1.570310344077268
seg_18f633,2.365107994904706
seg_18f853,3.039606628507733
seg_18fb65,1.8860804898267403
seg_193404,9.348495464815265
seg_19515c,5.800960624909893
seg_195eda,4.4923731777835565
seg_1969c8,7.380470576089057
seg_19b08e,2.876753196347596
seg_19b9dd,6.488042386049724
seg_19e1ff,5.504293210478014
seg_19ec5c,9.026943517538554
seg_1a0e94,8.776104041211436
seg_1a0eca,4.82935019432664
seg_1a671a,2.533304559769029
seg_1a791c,4.9333088408975785
seg_1a8e06,2.689939340535883
seg_1a8f0d,3.1185578737071094
seg_1a8f2c,7.393107063650365
seg_1abcaf,1.4611063987963178
seg_1ac9e2,3.702965590054757
seg_1ae362,8.923903965877411
seg_1afa29,2.424566896882453
seg_1b08a4,6.953482326540577
seg_1b1ad8,3.9281873408116983
seg_1b2298,8.000060696803203
seg_1b78af,3.9097809187406756
seg_1baf33,2.496276997842841
seg_1bd38e,6.139161527057884
seg_1bf7b3,2.2016733678442204
seg_1c401b,8.717171424125338
seg_1c4c5b,5.238750718888587
seg_1c4e72,3.6197624724254758
seg_1c849d,5.6765802618338075
seg_1c904f,1.509462802398914
seg_1c929e,3.6129130059393573
seg_1cb942,10.016401487541614
seg_1cd352,4.150965639090001
seg_1cf1b5,1.1362894580844891
seg_1d044c,4.512754092087824
seg_1d11e5,3.2458527612977974
seg_1d596d,3.8935805000415464
seg_1d980f,2.571937766206954
seg_1da819,2.084820675097652
seg_1db443,6.506828329349312
seg_1db8e8,10.855987753300974
seg_1dec9c,8.279395521676902
seg_1e0523,2.1903543266406573
seg_1e0b82,9.486961719461188
seg_1e572b,6.444232452312653
seg_1e617a,1.844294836892662
seg_1e61d6,1.5029312038450122
seg_1e677e,3.5210022975808632
seg_1eae76,4.898020184655228
seg_1ebe6b,2.1822673636391374
seg_1ece48,1.0819207696376496
seg_1eeb8f,4.138896985755955
seg_1ef708,2.973769499024516
seg_1f1e60,7.56977719517009
seg_1f3d44,5.870118757134517
seg_1f3ede,2.7992168835232194
seg_1f5240,3.016533440002668
seg_1f7cf8,3.6377523175714233
seg_1f9aed,5.820766575139588
seg_1fa983,2.2476908637395
seg_1fc7ab,6.9677047956074665
seg_1fe311,10.969095206577494
seg_2005a7,4.582532782324894
seg_2018c8,10.449459908557888
seg_204dc6,3.6349980254462597
seg_208ba5,1.8777616858460564
seg_2099f4,5.343549002991597
seg_20a990,5.189340742050287
seg_20b8d0,5.041022276990279
seg_20cbac,2.9311137568290047
seg_20cc25,1.6323167357113029
seg_20d9de,8.04367851785395
seg_20e9ad,4.272844914269464
seg_210388,4.543510651242313
seg_211299,7.546735673815897
seg_211486,12.508509625191415
seg_214492,1.8283468539752792
seg_217eed,3.059010942318988
seg_218049,1.9652113270999347
seg_21eebb,2.367393836281193
seg_21faa9,11.033909659209444
seg_222c5f,2.744327759982995
seg_225320,9.330369668959593
seg_226e60,7.574010507289057
seg_229eda,5.629791697397364
seg_22e509,1.263141363328741
seg_2313d1,3.534302461656761
seg_232559,9.933076973136561
seg_23323e,0.6212839285115823
seg_2367fb,7.136136616156499
seg_238242,7.365465703487416
seg_2383c2,5.772172047208488
seg_2396a2,2.522063042495756
seg_23b123,10.328795801399762
seg_23bdf9,6.443057563350526
seg_23c947,0.6763926973118112
seg_23efb0,4.438771373978026
seg_23f823,2.3911977192071587
seg_23fe27,6.905631471625499
seg_241266,2.4564643924783223
seg_24157a,5.138284961433964
seg_24458d,2.9680452756922784
seg_2465ce,5.018723905346217
seg_247262,4.58848105662619
seg_24ba8d,2.218572421550567
seg_24c078,5.637681291238557
seg_24c1c9,2.9917045970186638
seg_24e071,2.5702838043219476
seg_24f338,0.20559595955270984
seg_257b8a,6.0824738040209
seg_2597af,2.7662025212273686
seg_259c63,3.420361355583399
seg_259d65,2.8596042874888212
seg_259dd3,7.601930511587727
seg_25aa9f,9.394752605492538
seg_25ab3f,5.691861119491451
seg_25b38a,8.124516640342678
seg_25c8dc,7.671582726704033
seg_25cca7,8.651493754909591
seg_25e76d,2.6917765292802933
seg_26049e,7.590448304408131
seg_263deb,2.2174493705010168
seg_263fb3,1.9122287914650646
seg_2642d0,3.534244025582235
seg_2642d4,4.7508201862387995
seg_264c7d,8.290379503971199
seg_266805,3.58333970690334
seg_266c6e,5.183675273115064
seg_266d4e,4.385616258439385
seg_268249,7.638638982597392
seg_268625,2.124653309760557
seg_268956,2.9297286329278487
seg_26a2a0,4.488063940040427
seg_26cba3,1.6231446621160344
seg_26edaa,8.241590397640483
seg_2700bd,4.115432099899087
seg_272a47,1.229839922791977
seg_274a1a,3.4792786551579438
seg_2774c4,11.43482928884308
seg_279725,7.769376207386505
seg_27a282,4.334777040187767
seg_27b7c8,8.625630292412522
seg_27db4d,9.193052805387872
seg_27de37,5.878231877554146
seg_27f532,9.108931387461853
seg_27ff17,3.6231499788798205
seg_280863,1.3372376470356855
seg_280e3b,3.9870632142644116
seg_284223,6.44834720460493
seg_284923,9.309683228584172
seg_287e60,1.9701236440399565
seg_287fef,1.409481554707678
seg_288001,2.4717928571509478
seg_2883ec,8.552772795111396
seg_289d99,1.870663040802722
seg_28fc32,7.5192138046599375
seg_29022f,3.2999363965329
seg_2916e3,8.383565868790825
seg_293dbf,3.620164716749299
seg_293dc2,1.8477141490194062
seg_29475f,3.4809754974084237
seg_295b1c,8.829480532658062
seg_2977cd,4.5415169640181725
seg_29a073,5.221774032598792
seg_29acb7,2.6745102887630168
seg_29c772,5.267201941159281
seg_29c906,4.088123328394109
seg_29d497,4.9797403333713595
seg_29d4c6,10.009602480248693
seg_29e799,5.765171556165888
seg_2a0ace,9.123239330944937
seg_2a0afc,5.901554907917845
seg_2a0dc0,6.945812988215437
seg_2a2f1e,5.303385411966731
seg_2a4551,7.126322630874647
seg_2a6343,7.29000660950595
seg_2a8351,3.564391956987876
seg_2aa101,2.0034366380087096
seg_2abd33,5.707105600420793
seg_2b2cb3,6.517268803417302
seg_2b372b,3.1246967627662547
seg_2b4959,5.072920652712
seg_2b6d52,10.046994008687212
seg_2ba79a,2.187820718465624
seg_2bcbde,9.326899815555906
seg_2be983,9.62721576385331
seg_2bf5be,7.264803042033849
seg_2bf9dd,7.239375336447651
seg_2c3203,2.25128905563849
seg_2c5e9f,4.464073716684185
seg_2c6011,3.0615177671272025
seg_2c69e4,8.75300567949715
seg_2c762c,5.632732499588194
seg_2cac57,9.99473388213957
seg_2cadc0,6.181783105965636
seg_2cdbe3,1.2310693851241978
seg_2d3828,4.848837918016946
seg_2d402d,1.9418090508758332
seg_2d427f,1.3809997582698466
seg_2d5544,4.401499688945485
seg_2d7cc4,2.95111594333184
seg_2d92f0,8.99841920360161
seg_2db7dc,4.272372592215566
seg_2dc6ff,1.46931492725941
seg_2dccec,2.683348427262196
seg_2dcd3a,3.3905319532424705
seg_2dcd84,8.744507726552559
seg_2dfb91,2.747058789668912
seg_2e2372,7.098078921896413
seg_2e50fb,4.0992602269101805
seg_2e64af,4.629622663149016
seg_2e71dd,2.1682945492017676
seg_2e88dd,6.800244733698937
seg_2e917f,5.478917592401932
seg_2e9a47,5.654041155212148
seg_2ea616,3.97428595060303
seg_2eccb9,3.035640955996306
seg_2ece02,2.870467623989786
seg_2ed79b,4.755603259750369
seg_2eddf6,9.61103242238299
seg_2ee95c,9.335732233989246
seg_2efd5c,8.50889184421129
seg_2f1664,7.780667833524262
seg_2f4f14,3.7122104890539855
seg_2f5695,2.732056619989508
seg_2f60db,8.864419909879595
seg_2f86cd,4.625474142317578
seg_2f8e19,8.306006560243183
seg_2f8f6d,10.808986221150779
seg_2f9336,7.062237253046716
seg_2f9581,2.8729200564640505
seg_2fb672,8.492090593142274
seg_2fe382,3.1209152808104252
seg_301c1e,7.349619681893192
seg_30207d,9.187674605244888
seg_304581,3.1531779900454477
seg_304b87,4.433383018245299
seg_304df5,7.6611696693169025
seg_30501b,11.556564147079765
seg_3065ba,5.343960657371197
seg_30661b,3.242099894064155
seg_306756,8.481275127390019
seg_30ad2a,2.3892663087363757
seg_30b043,3.4678385424056124
seg_30da11,2.8402910246237063
seg_30fd84,8.709635935565116
seg_310230,3.6157855558011276
seg_31064b,2.3319367634435904
seg_311499,3.024296649887149
seg_311b5e,2.5973961831000034
seg_3128e6,3.137384310306754
seg_3151ff,4.289522166148597
seg_31631c,5.745829723173777
seg_316f86,3.544518547537177
seg_318135,0.9781039951270284
seg_31a51f,1.0477533416914317
seg_31a6cd,2.5445411352033043
seg_31b808,7.0149866842797
seg_31c0f4,6.428737633680352
seg_31d763,5.372765511006623
seg_31d7bf,1.409407572264107
seg_31d810,7.059430033692652
seg_31ddc5,6.412254839265889
seg_3234ca,3.2156319438188374
seg_324447,5.803808547073739
seg_324537,4.25992178613977
seg_325790,3.2368532502225076
seg_326eb7,2.8292908631033935
seg_327ed4,2.1728209215849565
seg_32906d,2.6946513961544576
seg_32ad0f,11.26575960782575
seg_32c904,8.900880153923115
seg_32d747,4.617475231129779
seg_32e763,3.5582684743021655
seg_32f3a9,4.839868705452483
seg_32f6df,5.520150309105029
seg_32f72d,5.217158676401754
seg_32fc4e,10.944639271588304
seg_330579,3.7209170190517575
seg_3319b5,9.281679270950548
seg_331f2b,10.481105669672624
seg_3340b9,4.338231981333525
seg_335170,1.6076055763213248
seg_337b8c,2.417498517444388
seg_339f80,5.818428340745592
seg_33c30d,1.6760051405012524
seg_342ce6,8.997952053885486
seg_343571,8.82585433208315
seg_3452b2,3.9779603736125266
seg_34a2b8,4.461304217292815
seg_34a8f7,9.77842329606452
seg_34abd2,1.602629655703439
seg_34ef79,3.730169230863959
seg_3506d6,1.711081126504042
seg_35269b,10.206716642359332
seg_355717,1.6692033952975063
seg_355d19,11.705121622397991
seg_35a2d7,8.096631594377161
seg_35b009,2.574766817762674
seg_35b753,4.365478363539755
seg_35ba8f,8.825700651873401
seg_35c587,1.1602493229915103
seg_35dd45,10.402680275108821
seg_35ee83,2.826074329297756
seg_36147d,2.221068942458557
seg_361f5a,10.001357806544169
seg_3631ec,3.3580024464227347
seg_3661de,8.09488135475251
seg_369570,5.285899465000352
seg_36b77f,9.550002004814655
seg_36e32d,8.309693364767723
seg_3706be,7.861346521365212
seg_373a04,8.044946286202373
seg_373ba6,3.2041728401534133
seg_37608b,3.594309093884471
seg_3761d0,1.5233178876065958
seg_37669c,1.4513826012144055
seg_376908,1.6181136784611891
seg_377134,4.03909794201629
seg_3788c5,9.493011423924976
seg_37bf85,2.9031898474355007
seg_37f3fb,1.8792600782847113
seg_38001b,0.36404488238737787
seg_383b6b,1.8087119437927073
seg_383f2e,7.354812782170998
seg_3865bc,3.483913028673012
seg_3878d0,2.5204010030897956
seg_389906,8.201009881112842
seg_38ad16,9.81098767535765
seg_38ee24,6.03740788831341
seg_392019,4.587370592861387
seg_39300d,1.777877877497129
seg_395e0e,10.797453807725168
seg_397983,6.317036604244002
seg_397dc9,7.478037259282223
seg_398a25,4.260574032266261
seg_39a886,5.6445159610905
seg_39ad50,2.9653832461802745
seg_3a1600,3.7586228422109373
seg_3a22ac,3.605286996042044
seg_3a80c5,4.933873671500247
seg_3a8a76,2.4227272750839686
seg_3aca44,1.6363041603921338
seg_3adb1a,4.073235587683764
seg_3ae4d9,2.4872992570463324
seg_3af649,4.171989840565846
seg_3b2013,3.681458638359862
seg_3b30fd,10.80095394551022
seg_3b4414,3.2396441599685017
seg_3b7175,2.5490562814602407
seg_3b7724,7.151683468440391
seg_3b95d2,11.096979322965478
seg_3b95dc,2.7468000977775056
seg_3ba485,11.180212634226182
seg_3bb90a,2.355336833471726
seg_3bc9ed,5.764439410978809
seg_3bd97e,10.063191304331351
seg_3bf9ac,4.611962679769448
seg_3bfcf6,6.401266964848443
seg_3c3ddf,3.3512886890669735
seg_3c4106,3.7144012540637683
seg_3c64fb,7.2743743603897695
seg_3c8545,1.538267208860812
seg_3cba49,5.925240117047538
seg_3cbccf,4.017649779023345
seg_3ce740,11.357353278004238
seg_3cfb73,8.46390545164773
seg_3d059a,2.392696144656209
seg_3d06cc,5.305981270558766
seg_3d19fc,3.054930138536032
seg_3d1cb3,5.560027071309448
seg_3d1f2e,2.7328751060449887
seg_3d581c,1.8819382188121168
seg_3d6aac,5.332969268035743
seg_3d6e79,5.728041818418864
seg_3d9aa0,4.913723760978538
seg_3db0a8,2.9691381918731956
seg_3e00cd,6.381997881656655
seg_3e55d5,2.670961659969415
seg_3e87b4,3.5416518914936153
seg_3ec967,2.3117860569596447
seg_3edf51,3.871432598797207
seg_3f2086,9.821502936460394
seg_3f3689,3.8367376670651936
seg_3f3983,6.809723905595032
seg_3f5be6,3.6368164388886064
seg_3f80ef,5.008253228270897
seg_3f99c8,1.8332320443323749
seg_3fb24b,4.758441300154552
seg_3fc7ca,11.1430964474717
seg_3fdae0,4.752048170413911
seg_407b2b,5.859868407479125
seg_40b3aa,1.602075447498962
seg_40f810,3.2367416055447045
seg_411225,1.8568140592691105
seg_414d0f,6.857000169448197
seg_4185b3,6.029709797353515
seg_419531,10.583593206821373
seg_419b2a,8.483832745061823
seg_41a267,9.248259901982614
seg_41aadc,4.756718003893723
seg_41ab7e,6.4592629810916975
seg_41be18,8.527264110640415
seg_41be7d,6.0430415111843745
seg_41f45e,7.729414583087308
seg_420bcc,5.077436096625678
seg_420d4e,8.125576171271135
seg_421a96,4.766623280282348
seg_421da1,7.564607246357003
seg_423ebe,5.257942987030846
seg_425462,3.0209263283964916
seg_42648c,2.7946373415034738
seg_4280d9,10.314375746977728
seg_428d66,2.7223563354380156
seg_42c4c9,2.98204011747778
seg_42e7e8,3.841959752153404
seg_42ff14,7.432490744314488
seg_430e66,6.384494810151542
seg_43383f,4.425335151753664
seg_434c96,2.3411560361574715
seg_43597f,2.7501265792053777
seg_43c6f4,6.9530566101543325
seg_440106,8.407698283238215
seg_4401d8,5.332668150617789
seg_441c6d,8.701955621680472
seg_4435bd,1.7799002571721605
seg_447972,3.5009763849450426
seg_447b8b,9.888255931196472
seg_447cb3,9.347279446137456
seg_44d3ca,3.2405012772193222
seg_455b16,3.1728793581417607
seg_456149,7.257139865054499
seg_457234,10.392614458686545
seg_45838b,4.743987931789665
seg_4587bb,6.747956866951543
seg_45a8a9,3.0070935936315157
seg_45b051,2.755650872870952
seg_45e062,9.504483750327593
seg_45e4ed,2.483295931042614
seg_45e7ad,2.042338808966995
seg_46012e,8.476959892172333
seg_460436,7.475922142856681
seg_461ab5,2.068998032268631
seg_461b63,3.4368084744801664
seg_462c1d,6.212272722023071
seg_464839,4.4682377366276285
seg_468bc9,9.321459753286161
seg_468fdb,3.760528771309786
seg_46a42b,4.479118904029688
seg_46b84d,7.885807401147189
seg_46c6d3,8.323147103496979
seg_46dd7c,1.9576554947180926
seg_4729a7,2.927012744865045
seg_4743ab,8.995516109588795
seg_4743fa,10.309153829303531
seg_476700,3.1244323267549814
seg_476bdb,1.7166696068005083
seg_477c83,4.6528256440170965
seg_478327,6.357726276733554
seg_47a48f,9.80921922835404
seg_47d374,3.1786547408894594
seg_47fed6,6.994692505527009
seg_482745,3.858897515335798
seg_4848e3,4.398865838797088
seg_484901,2.4839600743959416
seg_486973,4.629146657062026
seg_48a4b3,6.951948089799963
seg_48a80c,3.155487122304111
seg_48b545,8.045346656670862
seg_48feba,2.698994531073212
seg_490092,11.340374223273232
seg_490d6e,5.147326977189714
seg_492dc6,2.9134076743894486
seg_49322d,8.269919344556017
seg_49336f,2.7626329101586653
seg_495573,9.69264504774675
seg_496d07,3.8788415444623654
seg_496dad,2.5045030924034606
seg_49b0cb,8.560808354857372
seg_49d84b,6.103313399853381
seg_49fdf0,9.582590914043882
seg_4a2525,10.361441944853157
seg_4a6096,1.8862862246673644
seg_4a719c,4.468447111687336
seg_4a91a9,1.6837303768804814
seg_4a9e6b,7.501346000856404
seg_4a9e8d,6.868098011718584
seg_4ab7bf,8.466158675522832
seg_4abc29,1.5995675777256841
seg_4acc4b,2.822944148002037
seg_4ad5a2,7.978495043591911
seg_4ad674,3.675457388056506
seg_4adeda,7.145565383198361
seg_4ae37c,7.659967036804075
seg_4ae712,9.919426737476698
seg_4b0839,2.0017499636616445
seg_4b4c91,8.147948379763044
seg_4b4ffb,2.603947698585378
seg_4b8044,4.822940614234989
seg_4b953a,2.174125161251534
seg_4ba3d1,8.393130982254172
seg_4c067a,3.333724983111698
seg_4c12b2,0.8290306978720661
seg_4c18e2,3.7279121783014735
seg_4c3a2b,7.068888625293429
seg_4c4995,6.082913148478035
seg_4c65e6,8.637447193487274
seg_4c8db6,8.254909389917641
seg_4ca6de,5.019221968739712
seg_4cb0d7,1.9200222758438796
seg_4cb9c6,1.6386525625879438
seg_4ce234,5.794924077783044
seg_4d0008,3.8262096964799066
seg_4d0041,7.678406292327111
seg_4d0c45,7.687350880800242
seg_4d18f4,1.600291224965945
seg_4d2671,5.935193764051087
seg_4d53c2,9.475071555911708
seg_4d5a4a,1.9367400803117614
seg_4d7c56,3.172988184982781
seg_4d8f0f,4.6962976652634785
seg_4db886,8.328649215281255
seg_4db997,2.245223159513801
seg_4dbbd1,6.836000248296211
seg_4ddddc,7.57873578520838
seg_4dfa03,2.43681192800369
seg_4e0c4a,9.029467250921781
seg_4e2c66,2.6830604947806522
seg_4e3bd7,2.9278972495201847
seg_4e627b,3.7286396903616277
seg_4e9646,7.971112492570111
seg_4ea3fa,5.889283541728846
seg_4ea81c,3.203166694652084
seg_4eb127,2.9312902465596458
seg_4eeaef,2.536524908025388
seg_4eef28,9.789611202967997
seg_4f48b4,2.3522884959220822
seg_4f5931,8.796342386185225
seg_4f76a2,2.874079112383985
seg_4f83a3,7.021148566364786
seg_4fa87d,8.812334283953604
seg_4fce5b,3.0170067044070654
seg_4fd191,2.0500875677045762
seg_500108,3.3875511801347997
seg_5009d9,2.491440064550338
seg_500c80,5.611186450204126
seg_502fab,8.53505789577534
seg_507065,4.222204999629503
seg_5090fa,6.90085610120327
seg_509d55,3.8000354179431355
seg_50a667,2.199621296452562
seg_50b048,6.151963204327854
seg_50e270,9.330152110841349
seg_511d25,8.119896177582149
seg_512b3e,8.73895320034544
seg_514543,2.519340863547878
seg_5147e1,3.6191548546106835
seg_514b85,8.752495673398037
seg_5165a4,4.839851402413286
seg_517345,5.116396934486464
seg_517425,2.175397473341332
seg_51865e,3.8127963344103275
seg_518b1e,1.1658329264296
seg_51b68c,10.174332969548594
seg_51f0a2,3.113605480689115
seg_51f6fd,6.885380164069232
seg_521a88,8.66131046999925
seg_523945,2.183411676003312
seg_524b39,3.1963077793319217
seg_5254ce,6.544961727151385
seg_5255c0,8.560899373021634
seg_52636c,1.1634329673819546
seg_529be4,3.7324901395820875
seg_529c99,2.98067467165158
seg_52c139,10.303430307911327
seg_530a02,10.970425356637119
seg_53103b,2.175170044782387
seg_5311d1,2.5199114915713006
seg_533613,9.959902885225702
seg_53498a,3.756338486572876
seg_53a557,3.6900048721312446
seg_53a5fd,4.428744320101755
seg_53bdf5,7.127807980347942
seg_53caf1,7.4303490777250545
seg_53d818,2.714251762012856
seg_53e645,4.46534740240525
seg_53fa13,2.9774296146646586
seg_5407b0,2.0427775492680356
seg_5445bc,3.327343512017945
seg_54490e,8.787381774253362
seg_545fda,7.934551342378638
seg_5467c8,7.975655914683376
seg_546864,7.3384260558353915
seg_5470ca,3.376003381903912
seg_5495ca,2.121253496316712
seg_54af0d,2.699578284409749
seg_54b0ee,7.280541804254512
seg_54d0f3,3.1936714679408453
seg_55239a,2.8775243760919667
seg_552b8e,9.826334546249825
seg_5559d9,2.0417569713793133
seg_555f63,1.327930934190526
seg_5597ed,2.5485289320172346
seg_55a0c3,4.4808074627530114
seg_55a9a4,6.2860698772807035
seg_55b566,1.1979134204665085
seg_55d50b,2.60460096911642
seg_561cf4,3.382316638904931
seg_563059,7.8042237883503525
seg_5639b3,5.361658802548127
seg_566efe,8.480577258354415
seg_56e3e7,12.029884928795118
seg_56e6f1,6.080260607707417
seg_56ebc7,2.738558649446487
seg_570a20,4.689985267445486
seg_570d69,9.426505471007262
seg_572172,6.862051139728886
seg_5759c9,6.339835731318125
seg_5765b6,6.363243606111172
seg_578e84,9.504152656537958
seg_57908c,1.9371723211532248
seg_57b6c0,3.515125500986177
seg_57dd68,10.00962377727067
seg_57ea44,1.2429588257235007
seg_580b65,7.263499979909533
seg_581fac,3.059946849582809
seg_585872,9.141738277671589
seg_586726,2.5522208331834495
seg_586c0f,1.3517286593479785
seg_5887a8,11.570941495787588
seg_588f61,1.633808952621886
seg_58d52d,8.722890663205826
seg_58e74b,2.7080316650762164
seg_58e9f9,8.906912984195896
seg_58ea74,8.868213280053581
seg_59058a,1.7207251810390236
seg_590fa5,5.997119270067297
seg_591954,9.95970062364192
seg_5924f5,3.227071515922151
seg_592807,8.195096295555173
seg_593c34,2.4501588199593334
seg_5965d8,3.252155893723513
seg_596ae3,7.329634060823823
seg_5975f4,2.5952687241375973
seg_597bd6,8.376555560811303
seg_59818b,6.333891042694738
seg_59cd7d,3.558790315155479
seg_59cfdb,7.73004221028108
seg_59d484,5.129070185595683
seg_59de0b,1.553727836946349
seg_59e1db,7.110102542713353
seg_59eb97,4.883085715363864
seg_5a0479,5.230369674686367
seg_5a1adb,4.7449514158096004
seg_5a242e,5.884370629253074
seg_5a67b5,8.320706805918434
seg_5a947e,2.3635906326696783
seg_5abfdd,2.3778236078159245
seg_5ad847,3.660522070917537
seg_5b392b,2.0226473021934166
seg_5b7325,2.6146041070597508
seg_5b8c39,2.97446837713027
seg_5bc0b0,8.98618072182239
seg_5bd9ae,5.583767919321532
seg_5bdb47,2.702968123926446
seg_5bfbf0,3.6891201717690048
seg_5c0929,3.477088702767197
seg_5c1a4d,2.215541186014281
seg_5c530f,2.7500567190189704
seg_5c57a8,2.1943370741436707
seg_5c8ae5,4.479881741435618
seg_5c9077,7.6786617749248025
seg_5cd98b,1.6126320336669129
seg_5cde88,0.59786376937879
seg_5cfba9,8.805325666217172
seg_5cfdc4,3.972037517183389
seg_5d333e,6.903933931153907
seg_5d45db,7.004371447115281
seg_5d92af,5.340289855091466
seg_5d94b2,2.588607982495339
seg_5e020f,3.202972626261407
seg_5e0902,1.7346291418154052
seg_5e1bba,4.238787385068534
seg_5e541f,1.966538155837118
seg_5e635a,1.8773862997126114
seg_5e668a,9.6354673872587
seg_5e70a7,7.987502733834709
seg_5e7abf,3.2520564240103544
seg_5e8ef4,7.101431358969856
seg_5eb380,2.7735850725688005
seg_5ec0e3,9.39026886236437
seg_5ed47e,8.968913807252282
seg_5ef47e,6.278965051267305
seg_5f0a92,4.387146694125006
seg_5f24d3,9.03080709525791
seg_5f352e,3.6135737628410434
seg_5f355e,6.691307921665247
seg_5f46a5,7.917393135132183
seg_5f7fd9,3.9188375586590767
seg_5fe414,2.734373597315783
seg_60277f,3.2222388990308697
seg_6074f9,5.963859580573567
seg_607559,6.046393642230482
seg_60ab20,9.922509608350323
seg_60b696,3.1897197365711145
seg_60dacd,11.893011287908394
seg_60df2a,4.551196265478197
seg_610379,4.298940642713967
seg_61219c,2.9546513105211667
seg_613702,4.585405020882477
seg_614b50,3.824703328543201
seg_6153ca,7.882627512559374
seg_6167f0,4.519977508738843
seg_616c8b,9.673521703832922
seg_61b50d,2.704224645270833
seg_61f504,2.349577501351502
seg_620ee4,5.312373846942468
seg_622e9d,3.0690414903654366
seg_62331a,3.2751811913641573
seg_6262c4,6.7232621448449805
seg_629822,3.356673509008168
seg_62a403,10.283466340594519
seg_62c582,4.258464250163814
seg_63130f,10.393319971634067
seg_633651,4.208084407474026
seg_634180,2.652861859416911
seg_634f05,1.9385320057733466
seg_635770,8.240144297260422
seg_63582a,8.822436179413893
seg_63c13d,4.6858638598784275
seg_63c518,1.7491523079742823
seg_63c8e4,10.076208458728052
seg_63c983,2.060275603476969
seg_63c9a3,5.8059638144441035
seg_63d651,3.7152785082558766
seg_6422d1,4.958230767933955
seg_643d1f,4.3292102487948885
seg_643f86,8.396885953160545
seg_64bcb9,7.704171102953707
seg_64be5d,10.324162087375504
seg_64be91,7.1082764102776235
seg_64daae,2.2462793366609954
seg_64dcf0,6.662909082897373
seg_64f8dc,4.610009238339132
seg_650de2,2.776073866296904
seg_651808,2.8642032189731514
seg_652cc2,3.788834408648461
seg_655780,2.1940073656234076
seg_655ad6,7.22810257418811
seg_655cae,4.077355577519193
seg_658bf4,0.8867677165367868
seg_659ff8,4.057520754660818
seg_65b962,3.1162753554104707
seg_65c4e1,7.923589324912111
seg_65ef95,3.0464868595858365
seg_65f01e,8.935572446929147
seg_65fbac,8.264529807897338
seg_660fe1,1.816107872153136
seg_660fef,5.809258056172772
seg_661629,3.262336873183523
seg_666056,3.668809580724795
seg_6681ee,1.345478894767845
seg_66820a,3.0733506045544057
seg_6696d0,2.917776843589967
seg_66b7c3,7.92054688930652
seg_66e45a,3.9562148627075384
seg_66ed4d,1.7776296609811193
seg_670bde,2.170523378314436
seg_67330f,4.844894731008505
seg_673c60,2.618972559320483
seg_67599b,6.0228219690418
seg_679dd2,7.983754583942533
seg_67aa76,4.3350244675665195
seg_68102c,8.810727765714987
seg_683ddf,2.4599300206566337
seg_686edc,6.01656130306616
seg_687a5c,1.4468212007820502
seg_68a484,10.301280742025721
seg_68da94,2.5576344503926216
seg_691a72,7.049359637052098
seg_692e7a,7.555033298046219
seg_6951e0,1.46560020410329
seg_695380,2.160853541513688
seg_696621,2.28955902258275
seg_6968c8,3.0257846411497367
seg_69787a,8.235963763777079
seg_69a230,4.6092316416700925
seg_69a53e,5.034678214806094
seg_69dbad,5.384793834010322
seg_6a05e7,1.8381554902749995
seg_6a116b,5.225148859945946
seg_6a26de,1.693336732813098
seg_6a45a0,2.5028566797980973
seg_6a4ad1,7.670072183280246
seg_6ab188,6.809601563312164
seg_6ac67a,3.848853045539312
seg_6ac82a,2.3147115655667045
seg_6ae32d,1.9980331625221568
seg_6b0107,5.742687797861986
seg_6b2ce0,5.82373532173538
seg_6b3a9d,4.269846039652134
seg_6b4e04,11.093791513839427
seg_6b536d,4.1060313544914235
seg_6b9511,7.994026837739088
seg_6b9d02,3.4855099267224836
seg_6be48e,1.5500195874160265
seg_6c292b,6.547850651485113
seg_6c309f,2.977813429653986
seg_6c34c2,3.2100674892656613
seg_6c8a45,5.0231167256371805
seg_6c909f,1.3907299313571508
seg_6cfb76,3.660626033933289
seg_6d01a3,6.929024029632455
seg_6d35cd,1.3115111221494455
seg_6d36a1,8.99629869783909
seg_6d4109,8.858008744483588
seg_6d4fa6,3.575830031885128
seg_6d6fad,4.5544011856666105
seg_6da1ff,6.884960571604232
seg_6dac5d,11.541059474687064
seg_6dd0fc,3.5721092563649304
seg_6de4fd,8.94420665971984
seg_6de935,10.943050177032717
seg_6df48e,8.518506230177184
seg_6dfab7,3.32987745571839
seg_6e12ae,3.8531059246480517
seg_6e12ee,1.6706927636391509
seg_6e1ee7,8.656699017032949
seg_6e572a,3.811760151800097
seg_6e5a38,2.412522421517374
seg_6e7f73,7.228449337455123
seg_6e98aa,2.2844558436463998
seg_6eb146,8.5349831794482
seg_6ed49a,7.938805966397639
seg_6edcb8,4.993885063392636
seg_6eedcc,7.193175852669328
seg_6f17de,1.6922276709568935
seg_6f2222,2.5684234079328916
seg_6f3d90,6.000968752030659
seg_6f60b2,3.0489160149714882
seg_6f650f,7.588246971468119
seg_6f9a98,6.659434276181811
seg_6fb17f,5.386446629186185
seg_6fc3ef,7.85772601503504
seg_6fc8b3,8.142609015203366
seg_6fd5bb,7.698150733237872
seg_7012af,9.25537651875104
seg_7020c5,6.751103894818579
seg_702e03,1.7021352405243366
seg_703cea,7.770340652386706
seg_705463,2.9574673772270588
seg_708349,8.939678936930676
seg_70991d,4.029527814208819
seg_709b6a,10.55638463398113
seg_709d08,4.666146985214482
seg_70a60e,4.581514486349081
seg_70b375,7.700869601156599
seg_70be4d,9.502145253019455
seg_70e891,4.13953067559425
seg_70edf5,6.60408785211998
seg_70fb30,10.978439381943584
seg_7120ac,5.05116477212811
seg_71238c,9.88851812429751
seg_71348a,2.1484259968732817
seg_715e2c,6.381776367844231
seg_715ff6,8.582144909049182
seg_7189ca,8.33867328158611
seg_718b53,3.2554824083004763
seg_71936f,3.4365824473445263
seg_71b4e0,3.7669553715800927
seg_71b975,2.183691121916357
seg_71c9e9,3.8120137459473624
seg_71f571,3.165435704200825
seg_7211f1,6.092227189749402
seg_724df9,4.56297645702607
seg_725772,6.5698636644243305
seg_725e84,2.910532311787411
seg_727fc7,3.4985474212195005
seg_72858d,4.318833467107374
seg_72859b,3.4629874701172705
seg_72aba8,5.26875142010155
seg_72b68c,11.74442734823073
seg_72c307,7.6759783981683
seg_72ebda,6.213429203686862
seg_72f40a,7.992687033386082
seg_730ebe,3.69546978594622
seg_734a88,6.941885927750744
seg_73565e,3.4823919757419857
seg_735cdd,3.4339426174841012
seg_73858d,11.654191419434138
seg_738be6,1.8329770527093467
seg_739643,6.3766621374252965
seg_739679,3.5749925881991707
seg_739856,10.616392565929965
seg_739fb0,2.250770024508522
seg_73ab4a,1.6115903842649661
seg_73b0f7,7.210987162692641
seg_740837,3.1990407134276206
seg_741fc1,8.274692532531384
seg_74235f,5.928354936438554
seg_7428e7,6.507215507350265
seg_743775,6.6131524528274
seg_74537f,6.854911407904234
seg_746d1d,4.218018961217705
seg_7480f4,7.698811402239764
seg_74b264,2.8424529107572694
seg_74b3bd,5.485557967171189
seg_74ce61,11.2550195180789
seg_74d58a,8.953309661760457
seg_74d8cc,5.052309395212396
seg_74dda9,6.686251581181082
seg_74f330,3.06744491354926
seg_74fcfc,9.149191845899393
seg_74ffde,4.500917018975859
seg_750244,4.709878513895251
seg_750c93,2.950475231603222
seg_750d20,5.203742604483381
seg_750e7e,7.993950263090557
seg_75211e,5.190630290889386
seg_753190,8.914231154557678
seg_753ba6,1.631530940870769
seg_7540f3,4.744209372943352
seg_75438e,5.022760232449833
seg_755d50,2.031967690256203
seg_75654d,2.2377864903564317
seg_758374,0.8355184065530263
seg_758ca4,3.2853232045650884
seg_759fb1,6.748017141386674
seg_75a878,4.799413112713635
seg_75c34b,2.9660009311865956
seg_75cd6a,3.2664420367831135
seg_75dc3e,2.711378101890366
seg_75e669,2.2123272619331296
seg_75e93c,1.2543836416516425
seg_75eb90,8.837308318350388
seg_75ffc9,6.212386550951052
seg_760d70,2.7739104902145604
seg_76106f,7.850950508785122
seg_762188,12.673075467990184
seg_762be4,4.853826274257488
seg_7630c5,11.075290371047153
seg_766e42,2.1582930710685995
seg_76b76f,11.418898951742413
seg_76c2fa,3.9211958206157513
seg_76d16c,6.411929147463034
seg_76e914,3.0439660994157727
seg_76f1af,2.4936297756607733
seg_76f3f2,7.904531982276773
seg_76f76d,5.076377827209438
seg_774ad2,3.2476631010318617
seg_77bf79,2.7402031222383303
seg_77c546,1.5009977253713036
seg_77db7b,10.491098562121692
seg_77dbe7,2.534775900811185
seg_77df38,6.356548194465141
seg_77e7bf,3.411487805922939
seg_77ea14,3.8294826898115453
seg_77f9e3,1.98684783288184
seg_77fe77,5.625897920064633
seg_7848f8,4.536257297139313
seg_7862ed,3.524969952831866
seg_786ff6,7.202853910736287
seg_78852d,4.786748738208416
seg_78addc,8.72848660887015
seg_78d817,4.263487682822239
seg_78db0a,8.898824843386308
seg_78ded2,1.9825864622528337
seg_78fc4b,6.308377134639327
seg_790108,6.929166594058428
seg_7949da,1.907544252433726
seg_79c47a,3.750493856802122
seg_79dc90,9.409245073090068
seg_79e301,1.688090460030292
seg_7a09ec,5.847267736271384
seg_7a521c,2.5071386928915547
seg_7a5243,4.529418587546327
seg_7a9228,2.4691781742622174
seg_7a9f2b,4.3666372755752425
seg_7aeca4,10.221075096531406
seg_7b0936,9.914248423142489
seg_7b2994,4.1109040406321835
seg_7b3017,12.218414858246742
seg_7b5f90,6.693702007985937
seg_7bb771,3.2250165716295873
seg_7bec10,11.226258228266056
seg_7bf143,2.793742186696265
seg_7c0376,1.6121446698182567
seg_7c10c1,3.490073471359336
seg_7c2beb,8.732808318570795
seg_7c2c48,2.143148237247084
seg_7c6c31,7.0339322377368285
seg_7c88d1,3.031010568008625
seg_7c9433,5.5804470328547096
seg_7cb417,2.681073945349911
seg_7cbb45,4.037136542965462
seg_7cd6b1,2.3372693520508916
seg_7cdfe5,2.2466675210173546
seg_7ce9cb,6.307017602337039
seg_7cef95,6.109620075595908
seg_7d17eb,11.709580615787607
seg_7d2535,3.9996009722059243
seg_7d2e57,5.187939687368334
seg_7d65c7,11.295883913854873
seg_7d718e,9.441447449941354
seg_7d88e3,9.90044296350442
seg_7d994f,1.5712358595821834
seg_7ddc30,9.218526775557523
seg_7df3dd,5.5318229935103265
seg_7e3b3e,1.6318330960168477
seg_7e9eb7,7.63668389362931
seg_7eb108,8.77655696197125
seg_7ebdc3,1.903061192575846
seg_7ed2dd,4.228411926800106
seg_7ef97b,0.8043229224525541
seg_7efdd5,7.582833602117361
seg_7f3ab0,4.527597424918438
seg_7f5b6f,8.957576209359228
seg_7f786b,3.1181644019649757
seg_7f93b2,2.552391872058884
seg_7f9b3a,5.663596883708935
seg_7fa6ec,4.533704864283724
seg_7fac26,9.660659811366566
seg_7fd3a3,2.2056810886011857
seg_7fd6b7,10.04150586810291
seg_80211c,9.129095373271916
seg_804fb5,6.765071460752203
seg_80622d,8.26351044700881
seg_807901,2.299529739509414
seg_80b9b4,7.2529942280428426
seg_80fb86,4.4139820686854305
seg_812962,2.6787819285436005
seg_812a50,6.283758705347249
seg_813aab,2.2363079143147595
seg_814b1f,2.702148390014939
seg_816b7a,1.3145804997646133
seg_818382,4.841789940975625
seg_81a8ea,8.450082693769287
seg_81bebd,8.126284830253008
seg_81c1a6,9.73988880209947
seg_81c432,2.0984639298156686
seg_81f798,2.009009652582772
seg_8200d2,3.8240858641417503
seg_82303e,3.9633897814027934
seg_82316b,4.128128273864092
seg_8244bf,4.1563685533764
seg_82456a,4.086402082928637
seg_826208,5.453761832582398
seg_827804,5.021730567554242
seg_827a21,2.092317609445275
seg_827c07,2.8923402343844464
seg_82c138,6.030945789507695
seg_82ce27,2.41339852517544
seg_82d7b6,3.4602874818800293
seg_830cff,3.28464717438763
seg_8310ea,7.918722578578068
seg_8324a4,7.434610532199166
seg_8328f5,4.0091388408282835
seg_832a4d,3.071394445049287
seg_8344ee,4.185499272252592
seg_8353f5,9.737320103258151
seg_836aac,2.1786420974477902
seg_836ef0,1.5164714612750432
seg_83bef8,3.6459379682391315
seg_83cb2c,1.2871027568324394
seg_83dc2e,10.407504405194638
seg_83ef67,9.126517116239487
seg_83f476,4.665718638893879
seg_83f89e,7.457657445578144
seg_83f928,9.006122957212723
seg_8456d3,3.7460248509850285
seg_845a2a,11.213432743962212
seg_8472f3,11.695059670002225
seg_848695,3.515786308829721
seg_84a65d,9.633900847385469
seg_84b9d9,3.753162062425058
seg_84c7fb,5.129298524551502
seg_84fc12,8.811796004578039
seg_8509db,2.2406086264544776
seg_850d95,3.437554519548799
seg_8515fd,4.242868835888076
seg_853302,6.455546488414783
seg_854d91,8.050242960477517
seg_857304,2.5668923894316067
seg_85762d,6.668036488588698
seg_8599ec,2.5025462653093458
seg_85c1c0,3.2810991052324496
seg_85e90e,9.836046493992857
seg_85e9c6,7.893383300274716
seg_85fb0a,2.9707782937913123
seg_864fcf,3.6980873643138636
seg_8658b3,7.730479633042077
seg_86720f,7.393377072626187
seg_8681aa,8.470377035504836
seg_86892f,3.3152924399386907
seg_868c85,5.690570542287937
seg_86cfe9,9.072711171092784
seg_86d847,9.13724183025657
seg_86e874,1.5427293838060745
seg_87232d,5.665771373891042
seg_876904,7.674780518337193
seg_8773cf,2.7069473190690507
seg_8777bd,8.825207504002325
seg_8785e2,4.792356695221905
seg_878d2c,9.64978024061012
seg_87a616,2.604126517166998
seg_87a67a,4.595805983939803
seg_87e4e8,4.213094842428284
seg_87f6c8,7.083237197511973
seg_8826f4,1.418863962710174
seg_885f53,7.224712653375271
seg_8866f0,1.79701843617346
seg_88a81d,3.550924599523598
seg_88b289,9.572775956377546
seg_890181,7.374089348655403
seg_89791c,3.082133718673063
seg_89885a,3.5328526235356446
seg_899bf0,4.850477647287241
seg_89b090,1.5872063797913405
seg_89d8a0,2.874648053244513
seg_89e207,4.798402575863732
seg_89eed6,1.8079883409911126
seg_89f975,2.909321473769033
seg_8a3306,4.441310175072195
seg_8a41bf,2.9403624032314175
seg_8a6b0e,2.26515976854047
seg_8a7201,1.7754235905710305
seg_8a8220,6.326691487081483
seg_8a8375,7.182627578949068
seg_8ab3a7,1.9076409854076752
seg_8ae847,3.9962543795295087
seg_8aeb99,7.93784849997288
seg_8b39c4,6.491130836466417
seg_8b798b,9.361824581747705
seg_8baeab,4.815016030834028
seg_8bc20c,1.5449377488333758
seg_8bde47,5.230818796617969
seg_8be2da,6.90124312116893
seg_8be76c,0.9765214922049342
seg_8bec6f,5.634190179773015
seg_8bf229,6.894877646649572
seg_8c0114,2.467466607520504
seg_8c1760,8.491265152419171
seg_8c1cca,4.276418736631561
seg_8c1e7d,1.9093688344492592
seg_8c341c,6.961965627123854
seg_8c6d4e,3.1800753791207894
seg_8c6e34,0.38393258865414087
seg_8cd159,3.201439059015468
seg_8cdf83,4.368409346508098
seg_8ce632,3.3211701642818845
seg_8cf573,5.077350580985724
seg_8d030a,3.7810369647894007
seg_8d135f,7.1134860179049415
seg_8d3a9d,6.43935250671043
seg_8d4435,3.7627391349749457
seg_8d4965,4.994651580101575
seg_8d5113,4.855992496645332
seg_8d6578,2.3088244949510717
seg_8d6a7d,2.752846022745513
seg_8da61a,6.176971407788889
seg_8db6f0,6.331862922265618
seg_8dcf3c,8.465063499909144
seg_8dd2ab,3.0254476695839596
seg_8dd3ba,3.3473715163702975
seg_8dfc7e,1.3269061270276896
seg_8dfd7a,1.8857586986672241
seg_8e5704,8.5689007675412
seg_8e6a3f,6.355965797269118
seg_8e7194,4.807865752452195
seg_8e7fca,3.8874099373834374
seg_8ebdea,10.16764011201236
seg_8f1127,1.3769151427167299
seg_8f25b0,7.26630476559361
seg_8f3247,5.8273941373813205
seg_8f3dfe,5.856017379191317
seg_8f4654,5.3205834721305125
seg_8f4781,2.619435162744265
seg_8f5589,6.804542843842245
seg_8f592b,9.224209797125269
seg_8f6284,3.537015915922026
seg_8fb0d0,4.952044500046221
seg_8fb29e,8.199946575082102
seg_8fb828,9.234534102260572
seg_8fc754,8.018337554933526
seg_8fd465,2.157463905785478
seg_902074,7.911717632400179
seg_902bc1,7.23227720589959
seg_903aba,10.505120000252461
seg_907c52,4.996475478042204
seg_90a0be,1.4267263825718408
seg_90b174,3.1036798793884994
seg_90bf60,9.427633605717709
seg_90c258,9.825275769336315
seg_90e904,1.7877748565754696
seg_90ec68,6.483970911449358
seg_90ef18,8.519821415706286
seg_911066,2.9460247334131475
seg_9122aa,3.7579050235096743
seg_913ffc,6.292113471573493
seg_914a62,2.8534611436517476
seg_91596c,7.364671715777975
seg_915b3e,4.154607136348715
seg_91607c,2.930730711676052
seg_919a6a,2.280747894832599
seg_919c5c,3.596461149991515
seg_91bf8c,2.3780268053861504
seg_91cff2,1.395458259539364
seg_91eaeb,4.706832405093553
seg_91f512,1.6068915263617207
seg_91f664,2.601061158324291
seg_91fc29,2.8047318353839885
seg_920132,8.24764719073856
seg_92092a,4.610588372232963
seg_922914,6.512982480734466
seg_922990,3.7501228812960816
seg_92310f,4.946251991809064
seg_929ded,5.5305750014093995
seg_92a5f1,6.991807396317776
seg_92af10,7.992302332494155
seg_92b095,1.2167075535371588
seg_92bd37,4.401107802942952
seg_92be9f,6.121180831456328
seg_931244,9.813851547482972
seg_93211c,7.612508313742367
seg_932828,9.972744099311498
seg_934087,2.8585398687567047
seg_939f5c,7.215648775146764
seg_93d864,4.837931426662562
seg_93f935,3.804214862794452
seg_941759,7.869543672489398
seg_943de0,9.287568738846325
seg_944c98,2.2584152648895897
seg_945bc8,1.8951712546780817
seg_946d71,10.281076953869558
seg_946d9a,4.1314702709465205
seg_947700,4.457782458772774
seg_9485c0,3.1400636025059567
seg_94a133,4.319458060297823
seg_94aa0a,6.1435681414798005
seg_94c48c,5.52644001043803
seg_94d150,3.0873209056408593
seg_94d573,8.060215505351437
seg_94ecad,8.56052547045844
seg_950048,3.3144416601373816
seg_952faa,2.9414009300440447
seg_95357d,2.9543822141097356
seg_95644e,6.363042961293553
seg_957ece,5.011591773378502
seg_95b321,3.3350407243111393
seg_95f45e,10.801714976334178
seg_961d02,2.1993556552299975
seg_961ddf,2.837327144355985
seg_9626a4,3.1094885165855644
seg_96642e,3.3841107777136967
seg_966f3d,2.4733881794288846
seg_967ae4,7.1281691637107665
seg_96cd5d,2.040054422151569
seg_96dab2,9.393469292424378
seg_96db5e,4.705424074554259
seg_96fa35,3.6736976081659103
seg_970b35,4.447837016464687
seg_970e86,8.601578346857787
seg_974049,2.9249097301394644
seg_9757ac,7.251659942365823
seg_979a8f,1.528434311115534
seg_97a161,6.163227108281836
seg_97ad82,7.888519458099639
seg_97d9ed,8.49887311329439
seg_97e4a9,8.576602168319138
seg_9802c3,4.683847695163922
seg_9825e0,5.958644901516484
seg_983778,11.735292088639039
seg_986976,6.263826510249845
seg_986b6e,10.066521724434306
seg_9872f9,3.9413916887500937
seg_988e69,2.0303594522774153
seg_98a819,5.17746472346422
seg_98be13,5.515226821520848
seg_98c0b6,2.5001244357847083
seg_98c44d,2.5419034083185688
seg_98c544,2.835297595014917
seg_98ebaa,10.425040243128123
seg_98f624,9.64313738946938
seg_9940e8,12.242924862542104
seg_996c37,9.46343502702462
seg_99ccbd,2.7437556580095106
seg_99f677,4.768361635004631
seg_99f76c,3.668895257856377
seg_9a1a4f,4.475073489641031
seg_9a1c76,3.342592221664222
seg_9a43ef,9.351383493816984
seg_9a6025,4.781958605825592
seg_9a74d8,4.150148869636338
seg_9a7c46,5.033457769332883
seg_9a7d1d,1.6781462723020109
seg_9a812d,2.9553903992790898
seg_9a81a3,4.76889163145206
seg_9a8a1f,1.347262137358655
seg_9a9041,5.777907845832453
seg_9a92db,4.127996329034776
seg_9aa6e2,2.1961190609239325
seg_9ab405,1.3292940524096104
seg_9ad261,5.106037078508328
seg_9ad925,8.297364770290311
seg_9ae1a1,8.779758993400256
seg_9b0439,6.49688457707171
seg_9b44d2,9.810668499128736
seg_9b7ef8,8.262709960247811
seg_9b7f93,4.050103478592226
seg_9bab11,8.93241580242892
seg_9bd388,5.807295290740363
seg_9bee43,1.8322105563137028
seg_9c00d7,10.034368835540384
seg_9c090f,1.5757637868953918
seg_9c2843,2.4609231984509807
seg_9c3d6a,9.14769567256651
seg_9c3ef8,7.460644849621238
seg_9c635d,9.678863261178524
seg_9c6715,2.059935608743729
seg_9c8162,5.300254029771283
seg_9c8bc8,2.420141030642566
seg_9ca72e,3.299747651654777
seg_9caf50,9.415407552952802
seg_9cb464,2.8665529697761793
seg_9d1b26,4.220343006082947
seg_9d1dbe,9.727547508054997
seg_9d2528,4.052597716250247
seg_9d3013,7.751430940406824
seg_9d452d,4.01853089434559
seg_9d57a1,7.712923030258858
seg_9d68cf,2.341029677325742
seg_9d6ff0,3.801882703936489
seg_9d7490,5.383522074086995
seg_9d79d4,3.8380056052740823
seg_9dcae1,5.4125964201794385
seg_9ddc99,6.439456293487485
seg_9dea8d,6.772544613476056
seg_9df32d,4.365135139667496
seg_9e25e9,4.215249582832011
seg_9e3837,3.0798599119601624
seg_9e61da,2.0158076130703275
seg_9e7dff,2.1968551962768763
seg_9e8323,2.93994722712509
seg_9e8ca4,10.658508473270828
seg_9e962b,6.822473871850756
seg_9ee0aa,8.07238528235242
seg_9f042e,6.581465928464461
seg_9f12c6,3.3936592901929563
seg_9f22a0,7.852309718895775
seg_9f4fd4,8.120638197380373
seg_9f57c4,6.371834327698245
seg_9f6315,2.622736639908827
seg_9f7542,10.011367453441492
seg_9fc7c2,1.6310469771640967
seg_9fd9b8,5.204712676604344
seg_9fe8b9,5.237901365057102
seg_a00985,5.76983103765433
seg_a009e6,6.188673789411451
seg_a03e6a,2.877770948631355
seg_a05c22,2.1756572203607685
seg_a06228,4.497156151175918
seg_a0646a,1.3905494048075582
seg_a0979e,7.771355262389154
seg_a0a423,2.4653036068170264
seg_a11dd5,1.958409147472466
seg_a12acb,2.9342902258149746
seg_a133bc,4.022238871990356
seg_a14212,3.0790023444678454
seg_a16a1b,3.731374741501937
seg_a173d8,2.747696422741722
seg_a18246,7.945380772129907
seg_a1a511,4.486970079051646
seg_a1acb2,5.104434206505673
seg_a1b3cc,4.430521198108825
seg_a1d8da,7.0748695341077195
seg_a1e5b0,8.365833117862765
seg_a1edc1,2.7530544440977556
seg_a247ac,10.363293916885915
seg_a25c46,2.658782063301791
seg_a2986f,6.192856244154434
seg_a2c108,11.37431284403911
seg_a2d47d,5.655545630439193
seg_a2e2c8,2.4171507026589687
seg_a2fd8b,3.473715941691819
seg_a31d6e,6.550674761331592
seg_a31fe3,7.815983173157149
seg_a35c82,8.697848950938978
seg_a35e7c,10.118934242017634
seg_a39ebc,3.326077962165961
seg_a39f3b,7.836644759588898
seg_a39fa8,11.380409650184726
seg_a3ab46,3.128434824118674
seg_a3d4d6,2.8886274669960486
seg_a41c2c,6.965575058150253
seg_a4208a,3.2418868287173654
seg_a420d4,2.863655381219868
seg_a436bc,9.201582376698603
seg_a437cb,2.9588840129191336
seg_a45455,3.8209955497193455
seg_a47cce,8.116082842940955
seg_a489e1,5.702898955936568
seg_a49ccc,3.8754232706549736
seg_a4ad7c,9.559288788051177
seg_a4e745,8.477674889813517
seg_a50d28,9.766338128362205
seg_a5271e,3.6262447012088233
seg_a53e4c,7.0115416856113075
seg_a543e5,8.326347384642663
seg_a55540,10.41557050540705
seg_a55a17,4.698410249980927
seg_a56c04,4.737326814151171
seg_a58a6e,2.4294786967541078
seg_a5934a,11.476049011086534
seg_a5d37f,2.3261744058487555
seg_a5dea6,8.644575463028206
seg_a5f4dd,5.083242780508326
seg_a5fbcc,5.305537498569943
seg_a61e1c,2.936743435175151
seg_a63573,3.649458345277985
seg_a674d2,7.710415890633995
seg_a68007,2.114402735865602
seg_a68ffb,6.517017715390595
seg_a69246,7.523215045164201
seg_a6959c,7.99149876434194
seg_a6bf91,5.7644091160844715
seg_a6c5cc,2.3385815000770513
seg_a6cd86,1.897119570048
seg_a6e801,2.722240850345882
seg_a6e99c,1.3112779475748009
seg_a6eed3,2.4503635861874895
seg_a704ee,5.394757093384021
seg_a7561c,2.4683057299176583
seg_a7b454,3.189416624590097
seg_a7d0eb,2.9780967620650602
seg_a7e49b,5.924567253775551
seg_a80123,1.8321468245083947
seg_a802fa,7.324677854958972
seg_a80f6f,6.944854663754169
seg_a82229,6.7878925274986335
seg_a84c13,2.9661732627726325
seg_a86231,3.713656629926767
seg_a8685e,8.008900677243115
seg_a86a05,6.547398729883735
seg_a87e79,1.1147007060808032
seg_a88097,11.050594659795944
seg_a88dde,10.212179494613423
seg_a8bb2f,3.912387881034456
seg_a8ddf7,2.234737513042194
seg_a8e6df,0.8643043913283596
seg_a8e71a,1.8763104460995659
seg_a9089b,1.0730896650708779
seg_a91c03,6.3905064005368795
seg_a93a88,7.470443122773301
seg_a96b47,2.121121640331009
seg_a975df,2.330095916681861
seg_a99161,3.090844381013687
seg_a99799,2.5731587479924523
seg_a99be9,7.300749764223707
seg_a9a820,1.798912040172818
seg_a9b957,3.5749498058624845
seg_a9f80e,7.078752449593594
seg_aa0180,3.801605523910149
seg_aa1adf,5.056841821184838
seg_aa508a,1.2416799521072606
seg_aa78e0,5.901011664718569
seg_aa7a4b,6.358224103193922
seg_aa98cc,4.562916531797759
seg_aa9b8e,6.158505566449405
seg_aaa2ae,3.2733546861280107
seg_aabc52,7.361056698593922
seg_aae025,5.9565762186469575
seg_ab001b,1.6616890991540814
seg_ab15ad,6.017307948941207
seg_ab2a78,2.0877767502565963
seg_ab3f14,8.569579259704026
seg_ab4bca,3.2129468722671177
seg_ab644e,4.519773794727684
seg_ab70bd,9.106095578203806
seg_ab9654,9.310246927633122
seg_aba501,2.033223832563327
seg_abaad2,8.166520492208905
seg_abb03a,2.9270012839343287
seg_abb06a,6.681827444180296
seg_abc5fd,7.202462266156775
seg_abda04,7.469751062415241
seg_abeca6,8.728370706689315
seg_ac45ae,9.180150217945535
seg_ac5c61,10.308325259675836
seg_ac68bb,2.1325031417228573
seg_ac9de5,2.5510306508632667
seg_acd715,8.336978976201213
seg_acf2f4,7.287212662944656
seg_ad3a44,2.0295515275114706
seg_ad3cf0,3.436452117075775
seg_ad591c,8.421950234016537
seg_ad759c,2.1824866903072344
seg_ad82ca,7.179517451654774
seg_ad949a,3.051991396750342
seg_ada42c,2.3880146160208486
seg_ada81a,10.75007644023057
seg_ade769,7.373159835601658
seg_adf94a,2.7914014710969215
seg_adf986,5.675419026840903
seg_ae32a6,5.201635644548336
seg_ae3388,6.755452743032938
seg_ae3d92,4.354308033152401
seg_ae42b3,8.89749629888378
seg_ae9626,2.7570915726099634
seg_ae9761,10.608320196268032
seg_aec276,8.606708136621481
seg_aed434,6.480109775786307
seg_aee7c0,8.08711880564104
seg_aee9bf,4.823999530786278
seg_aeeb31,1.5015588937396571
seg_af1650,0.47687213385862504
seg_af2472,1.2658259889479817
seg_af6204,4.539428798339375
seg_af703b,10.49121779228716
seg_af959f,7.2027577978693405
seg_afa4a1,7.600865693543411
seg_afadfb,6.643026031460863
seg_afca81,2.274511593905183
seg_afd665,4.438983423400878
seg_b00f05,8.201564603994047
seg_b02e31,8.425645626723117
seg_b03de5,9.11573878408696
seg_b08e9d,8.726831574964208
seg_b0a794,3.209597125388389
seg_b0bf65,1.7484528827709653
seg_b0cf32,8.666286114599131
seg_b0d251,5.8139972373815425
seg_b0f9cd,7.802071242488802
seg_b108c9,3.340224448488492
seg_b13220,1.9501203920239583
seg_b13fb9,5.140273308366473
seg_b197e2,2.708753972944189
seg_b1a35c,8.851057762320861
seg_b1b95e,5.599358054741243
seg_b1fea8,1.9028295022240558
seg_b20487,9.721092247633655
seg_b21273,5.346313498147692
seg_b23489,3.2960390928048167
seg_b253ee,2.6969354295428984
seg_b25dde,2.9966424235559765
seg_b26368,4.0476603555928685
seg_b284b2,2.8249361531012793
seg_b291c0,4.006321918445278
seg_b2b29d,7.6358896057997026
seg_b2b331,2.6588702179719794
seg_b2e045,4.691112444427952
seg_b31961,1.4845712945142164
seg_b32d1d,2.8642603040092833
seg_b35174,4.540211048932541
seg_b36650,4.3614332514586405
seg_b36c8a,2.6683917381414712
seg_b378bc,2.168100444947803
seg_b3883e,4.992571387699537
seg_b3cf21,4.950525689844922
seg_b3d886,3.7237157257580242
seg_b402ac,5.256761424100399
seg_b41d3c,2.0756869738934993
seg_b42170,1.9953538920122131
seg_b4402d,9.312739287540964
seg_b44c2e,7.730424241451928
seg_b47c19,6.326812527341714
seg_b4c040,1.835535931528565
seg_b4cb44,9.658907989341586
seg_b4f7a8,4.7117879138166305
seg_b50239,1.9784107977235812
seg_b51380,11.317241642768678
seg_b51b7c,4.248713227039943
seg_b52710,3.996320945671324
seg_b52add,7.929119410375565
seg_b52dac,4.307763811996531
seg_b54024,1.814875132526389
seg_b568c6,7.907456906787225
seg_b57e76,5.963324403088937
seg_b5804a,1.7308693418728764
seg_b58542,3.9666393977205985
seg_b5a447,6.819209449969829
seg_b5aee9,3.9357004533067355
seg_b6254c,2.6527823746456223
seg_b63de1,2.3457778838671723
seg_b64c9c,6.968153425608208
seg_b66b87,2.4705176844439953
seg_b686e5,4.725809991290711
seg_b687fc,2.3701930316341864
seg_b691c5,2.332479606534978
seg_b69455,8.388663272620326
seg_b695b3,3.4145787559664345
seg_b6bdaa,6.823440193494056
seg_b6c10d,7.2290277380343735
seg_b6cb2b,3.5744911614422286
seg_b72413,8.088933296336098
seg_b735a5,6.732615066038521
seg_b77bf5,10.258435671440747
seg_b782c7,7.585169424737154
seg_b78883,10.250683004581328
seg_b7a8a1,5.731226734948265
seg_b7b098,1.6612798482797424
seg_b7da0a,1.9710391478063698
seg_b7eeb6,6.045576928259813
seg_b80358,8.292811625147777
seg_b80366,8.44468601744536
seg_b80b89,5.508856532631494
seg_b8141c,3.1225929423861953
seg_b853c1,10.116751218463351
seg_b853f8,4.754268000878527
seg_b86ce1,4.073124735145683
seg_b8725b,1.285674036608017
seg_b8745c,11.489154666209801
seg_b87cf5,8.080514528453916
seg_b88baa,8.635267348212485
seg_b89218,11.13339679948275
seg_b89e47,2.473474817700572
seg_b8b72f,3.4421325877419093
seg_b8bb87,11.219241492886017
seg_b8fd73,12.444585497420917
seg_b91011,5.994520467073663
seg_b917b5,5.943207783892225
seg_b91ae2,4.04917960426755
seg_b9361a,3.4609325562028603
seg_b9365c,2.0392407615533794
seg_b947ae,3.0818811944436235
seg_b95010,3.821319291791027
seg_b95a77,9.403828340555494
seg_b9619c,5.043663903201933
seg_b9ad7f,3.9625294056179374
seg_b9bdd7,4.566078707336278
seg_b9d8a0,5.835610988866495
seg_b9de03,4.487405035739641
seg_b9ec4b,3.6647573062228433
seg_ba0485,10.222483612176124
seg_ba1d68,3.7924197458819746
seg_ba2c48,2.792917021598049
seg_ba3c47,0.7465365914889406
seg_ba3e74,2.053101822302397
seg_ba4ea3,9.004427483630957
seg_ba5e7e,2.713316044650992
seg_ba83da,5.890446578867712
seg_ba941e,9.270998135689892
seg_ba98dc,1.2506607477356595
seg_ba9dbf,3.6596380069884376
seg_baa745,6.54654963909128
seg_bb171f,6.070128703133099
seg_bb180c,2.7399035611955194
seg_bb2d77,1.8773081321905625
seg_bb5e15,2.755257135827632
seg_bb6904,1.1574924379790086
seg_bb6fcb,5.813563854046827
seg_bb92b1,5.50090382646919
seg_bbb01e,7.1177611818133455
seg_bbbc30,3.1516125144714646
seg_bbf805,2.8072477161526415
seg_bbfd4e,9.857461473585488
seg_bc07c8,2.130722124779526
seg_bc1d67,4.69268024765
seg_bc2186,5.053775737951514
seg_bc437b,10.726665200359442
seg_bca500,5.272939549019921
seg_bcc8f1,6.821623036887139
seg_bce23c,6.2584897491985085
seg_bce305,4.81173812601667
seg_bcf2d9,3.7886795873849093
seg_bcf6af,6.2531801125114175
seg_bcfad6,3.4662318447138905
seg_bd00c4,6.045671823691676
seg_bd2b0c,3.362764184643116
seg_bd31bf,5.591052224241707
seg_bd40f2,9.000945978567913
seg_bd4d30,4.633454967938386
seg_bd5022,2.245871598580804
seg_bd629b,3.5174910466072493
seg_bd6f5f,9.107394779430546
seg_bd7109,3.9541088794603456
seg_bdae02,9.479886332444305
seg_bdf84b,4.768224650978146
seg_be0cdc,1.6496397751767704
seg_be0dfa,5.922595720532696
seg_be19e2,7.22395361082925
seg_be30ce,5.140050526199517
seg_be4612,7.810318257082081
seg_be62ef,7.445818174841753
seg_be65f2,2.816551118221888
seg_be811d,2.5688219226188957
seg_beb650,8.308687269219407
seg_beda44,5.192732094084816
seg_bee792,6.477780689768129
seg_bf1294,2.9435357751523057
seg_bf1430,6.18415768496757
seg_bf1a72,4.63845953039357
seg_bf2d1f,10.0278838417246
seg_bf4bf2,1.5305274793627905
seg_bf4ec0,6.29903018353152
seg_bf58ce,7.958026086994252
seg_bf7224,2.715396347616698
seg_bfdd14,4.217054112409535
seg_bfe0b6,8.98036052323408
seg_bff05e,9.420494405886634
seg_bff392,2.7544520036705613
seg_c01a57,2.031838788712506
seg_c01d9a,8.230622580720302
seg_c01f63,8.207100822914171
seg_c0260d,6.431027724014704
seg_c047b7,4.322420441262651
seg_c05a7d,9.381168280787563
seg_c07b7c,4.313695793803231
seg_c08d36,4.677197861159818
seg_c09a41,4.73756121120493
seg_c0c0ed,5.592021027361211
seg_c0d7da,3.520936320867668
seg_c0e1b9,4.470519581509162
seg_c0ea9f,5.465042905394652
seg_c106ca,4.069997152318703
seg_c10a58,7.036780683661422
seg_c11828,2.3409687540023345
seg_c11a4f,2.4961394166610207
seg_c12d7d,10.574520796883778
seg_c146a8,4.518125830730101
seg_c15d21,5.598539963100556
seg_c17817,2.6591900058397617
seg_c179f8,6.630315048704668
seg_c183e4,3.5202053827785007
seg_c186dc,3.9727539604500217
seg_c18d5a,3.4829812789776438
seg_c1fe9a,3.795828584325957
seg_c20a27,4.036383524753873
seg_c20c06,1.0187161061871108
seg_c21723,3.422441210007112
seg_c21d60,5.394448867098156
seg_c22bd4,10.216940589548235
seg_c23429,4.1286278620069785
seg_c23641,2.9124547282609416
seg_c243a6,0.8448845110070128
seg_c24946,3.2249424558600053
seg_c25855,9.106899246493905
seg_c267a5,4.394614420933075
seg_c26fb4,3.73046037114648
seg_c27591,2.6946845817211296
seg_c2a0c8,4.238264158562511
seg_c2b8f7,3.04176230333374
seg_c3507f,6.126369390730616
seg_c35940,2.7446557059906915
seg_c365de,2.2608702495563193
seg_c3836b,2.3422386451345125
seg_c3f672,8.941650125457176
seg_c3f8d7,3.603202529814299
seg_c41d1d,3.1386389058880466
seg_c42490,4.160806498164223
seg_c42952,3.394709376032581
seg_c44bbc,2.946226715159263
seg_c46ce6,1.7576333629232324
seg_c472cf,7.3930215947339475
seg_c47bdc,6.021125224863725
seg_c4af54,2.315285684509031
seg_c5064e,9.107657718585864
seg_c509ff,3.0358373020885154
seg_c522f8,8.321328896017569
seg_c5256d,5.241188233550424
seg_c52ae6,0.09472035401443833
seg_c5325c,11.405929465358788
seg_c550b1,9.93878151411605
seg_c565bd,4.473281406928631
seg_c571ef,4.02322808762447
seg_c588c1,11.470418104929
seg_c58ca5,4.989784155815717
seg_c5abaa,4.575200631082224
seg_c5c455,3.122722157395663
seg_c5c6ea,4.654721076750946
seg_c5dada,3.8652633404820174
seg_c5dee4,2.9621062427194573
seg_c5f986,2.495274784673614
seg_c5fc3b,7.8894043492817305
seg_c5fc87,4.608534827011803
seg_c607eb,1.902870170976251
seg_c60dca,5.235578356337678
seg_c60f1d,3.418336942262451
seg_c627fc,6.740353517381532
seg_c62a06,4.2501337874891725
seg_c65135,2.5411734953250256
seg_c654e7,7.588944222508566
seg_c666dd,4.46991508379244
seg_c671f7,7.454980436990964
seg_c6b514,2.4707905014517975
seg_c6c29f,3.4483967912966356
seg_c6f0a2,3.7585911653732107
seg_c6f533,2.273969588309813
seg_c6f9c2,2.5503785025508443
seg_c703be,7.919565314437898
seg_c70fde,5.941208955024493
seg_c714d0,11.501079237612277
seg_c73df6,4.014780220898723
seg_c747ad,11.488106591847025
seg_c747b4,3.605510005165837
seg_c7a3bc,3.0316869204850714
seg_c7a401,3.1564245639175708
seg_c7a579,5.5245313264744365
seg_c7b424,8.884344197213284
seg_c80857,4.518606815392565
seg_c81e10,8.035215013825935
seg_c81fec,3.236138716018758
seg_c8459f,9.731755589372277
seg_c87c24,4.665213966859163
seg_c901c0,2.9015658183769055
seg_c90be5,6.227156179646219
seg_c9201c,2.914288455749703
seg_c9481f,5.078238723562607
seg_c94941,3.734102909378791
seg_c9831a,4.7581358802296805
seg_c9e533,7.989313931945775
seg_c9f80a,3.2487978581021806
seg_ca2d1b,3.900024861552058
seg_ca407b,4.598175245227075
seg_ca44a8,3.3980379578494944
seg_ca67ee,3.396372594232174
seg_ca6d70,1.9934640498522014
seg_ca8389,4.2755233163300925
seg_ca88e3,8.473141713148497
seg_ca9e39,3.4336852440526706
seg_caa919,6.8289048501849186
seg_cacd0a,5.464669227695008
seg_cacd58,4.141723839335312
seg_cb0e21,10.61872291470624
seg_cb806c,5.16313010141862
seg_cbcce9,5.727927965253871
seg_cbfb19,5.79541125006161
seg_cc096e,9.976670021126981
seg_cc2c46,4.824482308744144
seg_cc2e9b,1.3746360811365839
seg_cc4199,10.20095855957009
seg_cc4932,8.292951782777864
seg_cc4950,2.1813481284517056
seg_cc667b,3.8629513629884453
seg_cc7a19,1.888659233490102
seg_cc7e39,7.986717872662647
seg_ccdc28,3.0878910793885073
seg_cd0691,2.508034101092357
seg_cd2b34,4.081836158075101
seg_cd2b53,1.1686611156869284
seg_cd352f,10.293972555569239
seg_cd43b4,7.982169749213092
seg_cd699e,3.3170252856803177
seg_cd9f9b,7.427929780595576
seg_cdadb5,9.485563764607065
seg_cdf88e,1.5338216027504417
seg_ce00bb,5.437594267763117
seg_ce46ba,3.0662011243468923
seg_ce472b,6.975398377530394
seg_ce5520,3.161156282175962
seg_ce5832,2.7631020360907437
seg_ce72e2,2.8457112162516722
seg_ce7537,2.2381123909020904
seg_ce9f59,3.481304817022062
seg_cea185,3.3297259265025927
seg_ceab44,5.832095630921952
seg_ceb942,2.7870098594835913
seg_cec2f2,6.699659017712571
seg_cecd29,4.889088027104045
seg_ced992,1.8961862170385007
seg_cedf3e,9.252615670306938
seg_cee7d0,7.861846863201669
seg_cf0e43,6.041782949442327
seg_cf1371,2.0041802093960577
seg_cf25d2,3.365287455347059
seg_cf3825,2.295973274721982
seg_cf5764,6.187609808469297
seg_cf646e,7.478102476473673
seg_cf74e8,1.1096049489336774
seg_cf9a49,4.865707699722345
seg_cfed24,2.453253682097471
seg_cff594,2.316033273464278
seg_d014a3,10.97284461356478
seg_d0598e,3.380803053842189
seg_d062a6,9.96191459311004
seg_d07c62,4.450252650511215
seg_d07ce8,10.155163695267492
seg_d098df,6.687501696589704
seg_d0c280,0.7412756807040826
seg_d0c8e2,3.5461123916464823
seg_d0f262,3.30351024268358
seg_d0f803,2.6464770859888884
seg_d1045e,8.237360086715913
seg_d11ca8,7.254669328082833
seg_d14524,5.192464204666504
seg_d146a6,2.617440629145543
seg_d16534,6.423085220867245
seg_d19980,8.5556762006968
seg_d1a281,4.154746765743071
seg_d1a2b9,2.2850684575786295
seg_d1a8b3,2.291989669472456
seg_d1abaa,9.513509345129318
seg_d1b91e,7.503787579227488
seg_d1ca05,5.966338458355416
seg_d1cb37,10.5442228416787
seg_d1eee8,10.850770218501939
seg_d1fbb8,10.626581424584886
seg_d21066,4.800523181138078
seg_d21eb6,7.707006701698653
seg_d24095,8.445641194547926
seg_d247da,5.467227470503904
seg_d2551a,8.359985552656124
seg_d26f7d,11.22046615982352
seg_d27193,4.083606940501277
seg_d27812,1.8945537112690174
seg_d29a4b,4.171297255810734
seg_d2a533,5.02715739678918
seg_d2ad9a,1.015109503442504
seg_d2cb02,5.088885123587952
seg_d2db6b,4.667106686897224
seg_d2f588,9.223394761033274
seg_d30a9d,2.3646543352187255
seg_d31583,8.611947378843587
seg_d320f5,3.547600151541309
seg_d328bb,3.0585251992666826
seg_d32f71,4.603426306191704
seg_d32f8a,5.852162216378505
seg_d35274,2.929745050882987
seg_d356ab,3.5698192631494674
seg_d35e50,5.63440294781957
seg_d36055,8.595032617014622
seg_d36342,8.142666150763432
seg_d36681,7.677375166067533
seg_d36737,2.3299070852469335
seg_d37b05,6.061240656751997
seg_d39131,6.925429480179245
seg_d398df,6.758683077703116
seg_d3992e,8.396789792667654
seg_d3bb14,1.603565565678613
seg_d3d8fc,3.352740328425737
seg_d3f6b0,4.28007914758275
seg_d3f967,4.074280758689666
seg_d40bb2,9.853267432010837
seg_d41daa,6.669112644345224
seg_d42c77,5.426814595704305
seg_d44589,3.426808855986884
seg_d47aba,2.8280084414560087
seg_d4c763,6.398222630180828
seg_d4dec8,6.9200176882364435
seg_d4ea17,7.142959994267511
seg_d508db,4.747357367154947
seg_d516e3,7.212499451379053
seg_d56ae2,7.3826209394982625
seg_d56d32,7.63115733598109
seg_d59e4e,4.4482837985933
seg_d5b100,3.602694130079882
seg_d5d3a1,3.5094160758204955
seg_d5dbc1,0.658400775699427
seg_d5df41,7.459355759792494
seg_d5f344,3.4747417051772502
seg_d60d18,3.8538838202463155
seg_d62e9c,2.978885234590005
seg_d63175,6.949842669594435
seg_d661ce,2.161893484625373
seg_d668c0,7.102106385652711
seg_d68930,10.155026367436058
seg_d693b0,9.644117519366622
seg_d6b198,3.4177548446304247
seg_d6b386,7.84929683436423
seg_d6b546,7.985343248253615
seg_d6dad6,5.2082944805116576
seg_d6ea73,3.4542767428209147
seg_d702b2,5.087825822606719
seg_d71352,10.603916212437968
seg_d740b2,9.659005554881738
seg_d753f8,2.5924549651594497
seg_d78093,3.8714085324385903
seg_d78e7d,1.5695260769689914
seg_d795ab,6.314511385331693
seg_d7967e,9.640058977053176
seg_d7a805,5.970501286391646
seg_d7ab50,3.7993853283619408
seg_d7f015,4.137800575301689
seg_d7f53a,3.8507059283067893
seg_d8014d,4.668008505882998
seg_d83890,2.578256874082321
seg_d85e2e,7.767145890938864
seg_d86eb6,2.936713049924877
seg_d88da7,8.538557175446947
seg_d89369,2.3846223041023986
seg_d90c5f,3.077736990796998
seg_d91492,6.9148246152773964
seg_d9190c,3.8358606326155718
seg_d9352b,5.9084965749599885
seg_d962cc,9.497168865225042
seg_d9750c,4.39833740766342
seg_d9a2bb,3.98211356757888
seg_d9b162,6.699309509975146
seg_d9bb68,5.031881172327321
seg_d9ce67,1.9160643170553247
seg_d9d0e4,3.033646299129517
seg_d9dab4,10.850049727583746
seg_da21ee,9.720988182957129
seg_da7c3b,7.943210335705782
seg_da80c4,9.285104932793573
seg_da8b88,4.3063238140705735
seg_dab0f9,5.9238852750071285
seg_dad4f2,6.353464529301004
seg_db3446,7.342145176312105
seg_db3a95,3.5566639973576986
seg_db3fbe,11.738792581218565
seg_db4185,2.843843178624493
seg_db606c,6.3268641585815715
seg_db694a,5.158024986395412
seg_db6d5f,6.063518508499874
seg_db90c0,3.420628247687533
seg_dbbb44,5.531375609225275
seg_dbc615,5.007105247265303
seg_dbf3f2,2.0004030635933874
seg_dc188b,4.90211474869484
seg_dc1cf0,10.804443953579135
seg_dc23c0,8.674605541751838
seg_dc4698,4.341294642537212
seg_dc5e63,2.5880765579474456
seg_dc6e94,3.0375734311601637
seg_dc73b8,2.0139203495515448
seg_dc7e0d,2.3850213788330255
seg_dca2c2,10.140551796512275
seg_dcb51d,3.741627358286689
seg_dcbe02,2.058533666473941
seg_dcd9df,1.7179813620120445
seg_dcee28,4.285305178769915
seg_dceeca,2.1250529139620804
seg_dcf242,5.6605160304480036
seg_dcfb4b,10.593300939558842
seg_dd0b11,2.6503109518888697
seg_dd4594,2.1778519624692456
seg_dd699c,1.6154195839699064
seg_dd780d,4.4317702787991
seg_dd8805,5.636466915458666
seg_ddbadc,9.03878059733787
seg_ddc800,9.575994742993082
seg_ddd206,7.598329291417288
seg_ddddf0,3.1102076242291625
seg_de225c,9.95521808178694
seg_de3237,9.251299980210774
seg_de3d5e,3.162611031193356
seg_de4e1d,3.425956045361157
seg_de8180,1.8450147847990772
seg_de98fa,4.581470511028786
seg_de9e32,7.943895228988592
seg_df0df7,7.876824539026915
seg_df352f,2.8460647487132116
seg_df45b0,6.0519956429815505
seg_df8385,3.4911704545201743
seg_df8e0a,5.166969705866895
seg_df99d4,3.1763277271824113
seg_dff078,4.710754928376952
seg_e00465,8.42703996832092
seg_e051bc,2.6567306919230256
seg_e05de2,2.702283203153763
seg_e067ab,7.234047579434533
seg_e09301,2.161764876973976
seg_e0c329,2.167928933147696
seg_e0ce38,6.630595367412925
seg_e0cfd4,4.920552683547419
seg_e0f296,8.14060798410961
seg_e10d3b,8.170869322765663
seg_e13bd8,3.5951865578423465
seg_e14149,5.940667791810185
seg_e1468f,7.376362031071276
seg_e15cb9,6.004434638764936
seg_e197b8,4.818768861948736
seg_e1a9e0,8.644859361020815
seg_e1daa0,6.209220746791579
seg_e1f045,5.789606630935988
seg_e1f081,9.91428870374633
seg_e20d76,3.5342009737242033
seg_e217fc,5.161015090677281
seg_e2209b,4.332697235328135
seg_e24496,7.480015437468023
seg_e24f69,5.332120866509396
seg_e256bd,3.0462485294572694
seg_e25aca,4.229714232164728
seg_e266f4,6.293854435280073
seg_e27c0a,2.680491736129485
seg_e29670,2.425563219077248
seg_e2b8b1,10.010101192216498
seg_e2c82c,2.9508189131815485
seg_e3005e,1.825110430120178
seg_e30e44,1.4268481656798822
seg_e30ef5,1.4554532741811104
seg_e34052,2.484312126501779
seg_e37b8e,4.503746958049046
seg_e3b1f1,6.280316685979893
seg_e3ca24,7.926927108128978
seg_e3cf1a,5.378230957433434
seg_e3d751,4.562448876324204
seg_e3dafa,11.188066962702091
seg_e3e762,7.682686668627396
seg_e40348,6.651989321712991
seg_e405fe,1.115870998757429
seg_e40d64,9.591735160251904
seg_e41fc9,4.887491962108262
seg_e47d2b,4.011921632783232
seg_e481c7,7.5447515123450515
seg_e48c23,8.494202043502188
seg_e49750,6.092511144442916
seg_e4c15a,4.191592273681377
seg_e4f203,4.398009730388161
seg_e4f403,2.703525024623235
seg_e50f16,10.04396685107486
seg_e52f8c,4.857111270246365
seg_e53a52,3.205709746927905
seg_e54932,6.832600644760998
seg_e5750a,12.089516387644938
seg_e59dca,8.364732441878784
seg_e5b510,2.9084833301821233
seg_e5c033,6.956334666956289
seg_e5deec,1.9339891267983478
seg_e5e238,1.333050594941304
seg_e5f9ec,7.563797928295314
seg_e5fbc1,2.73114638840406
seg_e60719,9.569128518405797
seg_e6307f,7.425703841929195
seg_e64dfa,4.33754996056599
seg_e65e69,2.27501175535284
seg_e66697,5.617183453431473
seg_e6b236,6.467104736816318
seg_e6bd3f,1.7363811822656514
seg_e6c973,6.703655805885803
seg_e6e1df,1.8765948260349683
seg_e6e24e,6.362343883417202
seg_e71dda,4.97711632202809
seg_e72f10,7.864025220288681
seg_e742dc,9.595881862480505
seg_e76e6e,2.96888588156461
seg_e7ac12,3.8484156927664968
seg_e7ced6,8.490857356869503
seg_e7d1f8,3.2760364326483633
seg_e7d3e7,9.141705493388157
seg_e80726,4.122869274104104
seg_e81b50,3.708179032778766
seg_e8385f,11.268240917422695
seg_e85f55,0.21306521836028355
seg_e86e44,2.9998852010291177
seg_e86ed1,9.943225065885851
seg_e86f77,2.004271143222216
seg_e877a5,4.84353214099433
seg_e8a2c4,5.6590902129555065
seg_e8a4f4,3.1438655212870565
seg_e8ac98,3.953800514314656
seg_e8ad6b,3.9141018088330854
seg_e8b2b3,6.905162685138744
seg_e8bcde,2.2597836229645605
seg_e8ce6a,2.1853445069735558
seg_e8d02f,2.722897668738803
seg_e90c0d,5.240421903075175
seg_e92526,3.211475887618501
seg_e9272e,2.553385188914076
seg_e96140,2.8699186390704563
seg_e98217,1.9058217620667237
seg_e9a09f,2.296235862010219
seg_e9aa44,10.913514497449034
seg_e9df42,7.567290474995148
seg_e9e65b,6.126460652979321
seg_ea0091,4.099469561925007
seg_ea05c1,6.724970841384128
seg_ea096b,10.268185300886357
seg_ea098b,8.015186465777122
seg_ea4d3a,9.113335644214445
seg_ea78c0,4.231886826670192
seg_ea8270,8.824749912363266
seg_ea9d37,2.96016648017833
seg_ea9fa4,7.216986466757386
seg_eaa0ec,5.985198541719131
seg_eabb2c,8.856907297181971
seg_eacccf,2.357157846141267
seg_ead30e,3.8789392256134407
seg_eb0b19,6.407056969337721
seg_eb1d6e,2.6295781895837536
seg_eb2e11,6.342383967161526
seg_eb32bc,2.1427057372041447
seg_eb47a9,1.8072948727596156
seg_eb692c,9.122331852192653
seg_eb7595,3.526607443362137
seg_eb7f91,5.263100258475939
seg_eba22d,7.501090302452149
seg_ebb79f,5.377717837493335
seg_ebd77b,10.941467423102988
seg_ebe36c,5.951325640212193
seg_ebec3e,2.793864662532248
seg_ec0e7b,6.781717561673742
seg_ec4645,2.9612192185008626
seg_ec73d5,2.968857361437459
seg_ec973c,10.68448934840792
seg_eca2eb,3.682191238862204
seg_ecaef0,7.174760125125957
seg_eccb17,1.9450598472978602
seg_ecdca4,3.8607826422164107
seg_ecf28d,6.3202353240761315
seg_ecf81b,7.770368088190917
seg_ed07b0,2.9293932466038797
seg_ed3e4c,6.79847462653734
seg_ed52ac,8.71015950969511
seg_ed7741,10.350205016596608
seg_ed7dee,3.6791666981070317
seg_ed7f69,3.7359841686916706
seg_edda79,6.400284250754356
seg_edecaa,4.545964832724998
seg_ee1cfc,2.5761071299903286
seg_ee2781,9.917003266900945
seg_ee4479,1.6891693037587647
seg_ee4ae5,2.281339115160666
seg_ee7224,2.3612257402784356
seg_ee87e2,2.6647135063153193
seg_ee8f87,3.2234820740711423
seg_eea20e,8.237594896409494
seg_eebbc2,5.385218509922855
seg_eee89d,2.9091009439038196
seg_eefd4a,3.491428885102354
seg_ef24bd,4.2256477567869934
seg_ef27c8,2.4390432989924324
seg_ef47c4,10.437619593214395
seg_ef644a,7.162953433153202
seg_ef660a,9.31106720890625
seg_ef74dc,6.250844189000171
seg_ef779d,4.688910162113702
seg_ef9105,11.578168749568437
seg_efb639,7.161882389563933
seg_efbf3e,4.957371791733985
seg_efc5fb,10.820241352256819
seg_efd9ec,8.107334949853783
seg_f003ca,6.883435104608406
seg_f01368,4.680452486112283
seg_f0181d,2.49263890716411
seg_f02d32,4.7968160284662105
seg_f056d8,5.3194649156525085
seg_f0574b,2.8768444324054725
seg_f073e2,2.877419802882606
seg_f0ce4a,2.180019651256074
seg_f0cedb,7.396080504522141
seg_f0d278,1.7574803623664197
seg_f0db55,2.626081383912588
seg_f11620,3.3404172074297787
seg_f11f77,5.16884133880394
seg_f165f6,1.2093227533156257
seg_f19f8e,9.110640421669148
seg_f1a771,2.741054171866042
seg_f1b916,1.8808675158086212
seg_f1f5b9,2.3997632149102675
seg_f21a22,3.195771300189446
seg_f21bf4,5.580297637000076
seg_f22163,10.914422326157883
seg_f229bf,4.882680722679546
seg_f24292,5.0397445983343845
seg_f2750c,6.035690985726268
seg_f2a20d,2.9696474721892354
seg_f2ae5e,3.6328417057179854
seg_f2b0c5,2.118981797823608
seg_f2cb5e,3.7839752017811783
seg_f2f5a3,2.167384365962673
seg_f3063a,6.524791291548329
seg_f30b2f,7.1517076604559975
seg_f30f0c,7.425169151294359
seg_f322b1,5.97879618140822
seg_f342a3,4.352388092156037
seg_f34877,7.71069183729452
seg_f383fb,3.3921971946092064
seg_f3c578,1.492186940315309
seg_f43730,6.348775707252838
seg_f43ab6,1.2337864029340053
seg_f455bc,10.375824468540383
seg_f46cc1,1.9571939489369201
seg_f48363,3.29547610789764
seg_f48db9,3.4777937708358335
seg_f4ad4b,3.8350735136928953
seg_f4d644,2.6538478336726996
seg_f52cdc,10.705134014761098
seg_f5406b,5.314540462761071
seg_f579ba,2.916376876822098
seg_f57ca1,9.967765607666463
seg_f59974,9.215686240746562
seg_f5a4ee,8.569102625080676
seg_f5a6ab,6.178241420526576
seg_f5d2dd,10.82817794209208
seg_f5e682,1.542311932393761
seg_f60872,7.214992844207732
seg_f618a8,7.428554611682811
seg_f61b0e,5.549888663221515
seg_f639cd,10.54939251894608
seg_f639ec,5.468250797198874
seg_f650cc,2.9971628742391627
seg_f6659e,1.8611450007932304
seg_f66db1,7.595988306579993
seg_f679c6,6.452578832493602
seg_f67ce2,1.16639673533767
seg_f6828d,1.7954294450099928
seg_f69c38,3.8972626289364767
seg_f6a217,2.9975320424839866
seg_f6abc5,8.473852851300204
seg_f6b70c,8.769770992051692
seg_f6bae8,5.394165692252484
seg_f6c0cb,3.9445955666712527
seg_f6c928,6.774229274911559
seg_f6cfd4,7.465131874727059
seg_f6d51b,2.289887017035447
seg_f6e1ca,2.0911711396599757
seg_f6e89f,7.8905293335593445
seg_f6f523,1.3143432577511105
seg_f6f683,5.04238329399904
seg_f7050a,2.3721691188802536
seg_f70b66,6.336560517490913
seg_f71db8,6.051424203182549
seg_f7290f,2.3736479972921716
seg_f734c8,9.16595441495409
seg_f741af,2.7310644831256865
seg_f77ee5,8.399633701407904
seg_f7d792,2.4193728095823603
seg_f7de40,7.987120729855631
seg_f80e44,4.905182060737358
seg_f83d28,4.004051017598059
seg_f865be,1.6581163366898612
seg_f86c41,4.646728016941875
seg_f88d4a,4.006884512706438
seg_f8db0a,2.642465769041683
seg_f8dd7e,4.010754320104886
seg_f931de,3.618770138211066
seg_f93ce5,2.1732948360854984
seg_f95fd3,8.225442654425263
seg_f96d0e,2.7795748945371805
seg_f96d5a,6.949316699781644
seg_f97274,2.824579031016495
seg_f99b64,5.141234594646489
seg_f9e4f2,10.248295285248439
seg_f9eea3,4.197038171310924
seg_fa0ac7,5.689066502021957
seg_fa34c7,9.476288894866364
seg_fa488e,3.033704340664408
seg_fa4df0,3.278355932656793
seg_fa6383,6.344856538445823
seg_fa796b,3.1970045836893455
seg_fa9f00,4.776939119763559
seg_fad815,3.8018354817447673
seg_fb00b3,9.604776023266496
seg_fb11ba,6.164489171282916
seg_fb1f5c,9.261230383984941
seg_fb4c26,4.1566177141646055
seg_fb74f0,7.65774699077142
seg_fb76ca,5.543605194948534
seg_fb8af5,3.280015619757252
seg_fb9491,3.7775677466012656
seg_fb9b2e,8.05707547143523
seg_fbce13,3.4016486810994895
seg_fbd66b,2.3008994033616736
seg_fbddb9,8.183167763333424
seg_fbe3c2,4.512906666413345
seg_fbf17a,8.096434404458712
seg_fbff25,2.2681934452804295
seg_fc407c,4.169489398794957
seg_fc57d4,2.3426452628466916
seg_fc8fd6,0.726005297159853
seg_fcb7d0,11.39949298823575
seg_fcca66,2.8906278590522207
seg_fcd32e,6.226807746842159
seg_fd19b8,10.014531779954567
seg_fd374e,5.486530033639074
seg_fd6340,3.2503003330693
seg_fd8add,6.5321448585196045
seg_fd9ac1,3.30307100764486
seg_fdba93,3.9636686318824874
seg_fdc1d4,3.504624684815928
seg_fdd50e,3.858201129135967
seg_fde767,5.584336696423
seg_fde86d,6.762041620627614
seg_fdff11,0.47689598675315786
seg_fe2aac,2.759838498947583
seg_fe5945,2.4221117669206347
seg_fe70c0,7.189947953820024
seg_fe73b1,7.3021962827554106
seg_fe86f5,4.048848023502625
seg_fea3e2,6.835578227418178
seg_feb312,5.990039335127131
seg_fedbd1,7.971525743505548
seg_ff0f1b,3.2909490823678604
seg_ff1a62,6.290546097187217
seg_ff2f2d,5.873849549010629
seg_ff4236,5.165806299593609
seg_ff7478,4.882102311496358
seg_ff79d9,1.8823973032187062
seg_ffbd6a,0.4438001451873995
seg_ffe7cc,9.766933761468184
